A,Capital_Goods
AA,Basic_Industries
AAC,Finance
AACG,Miscellaneous
AADI,Health_Care
AAIC,Consumer_Services
AAL,Transportation
AAME,Finance
AAN,Miscellaneous
AAOI,Technology
AAON,Capital_Goods
AAP,Consumer_Services
AAPL,Technology
AAT,Consumer_Services
AAWW,Transportation
AB,Finance
ABB,Consumer_Durables
ABBV,Health_Care
ABC,Health_Care
ABCB,Finance
ABCM,Health_Care
ABEO,Health_Care
ABEV,Consumer_Non-Durables
ABG,Consumer_Services
ABGI,Finance
ABM,Technology
ABMD,Health_Care
ABNB,Capital_Goods
ABOS,Health_Care
ABR,Consumer_Services
ABSI,Health_Care
ABT,Health_Care
ABTX,Finance
ABVC,Health_Care
AC,Finance
ACA,Capital_Goods
ACAD,Health_Care
ACBA,Miscellaneous
ACBI,Finance
ACC,Consumer_Services
ACCO,Consumer_Services
ACEL,Consumer_Services
ACET,Health_Care
ACEV,Technology
ACGL,Finance
ACH,Basic_Industries
ACHC,Health_Care
ACHL,Health_Care
ACHV,Health_Care
ACI,Consumer_Services
ACIU,Health_Care
ACIW,Technology
ACLS,Technology
ACM,Consumer_Services
ACMR,Technology
ACN,Technology
ACNB,Finance
ACOR,Health_Care
ACP,Finance
ACQR,Finance
ACR,Consumer_Services
ACRE,Consumer_Services
ACRS,Health_Care
ACRX,Consumer_Durables
ACT,Finance
ACTG,Miscellaneous
ACV,Finance
ACVA,Technology
ACXP,Health_Care
ADAG,Health_Care
ADAP,Health_Care
ADBE,Technology
ADC,Consumer_Services
ADCT,Health_Care
ADES,Basic_Industries
ADGI,Health_Care
ADI,Technology
ADIL,Health_Care
ADMA,Health_Care
ADMP,Health_Care
ADMS,Health_Care
ADNT,Capital_Goods
ADOC,Finance
ADP,Miscellaneous
ADPT,Health_Care
ADS,Finance
ADSK,Technology
ADT,Consumer_Services
ADTN,Capital_Goods
ADUS,Health_Care
ADV,Technology
ADVM,Health_Care
ADX,Finance
ADXN,Health_Care
ADXS,Health_Care
AEAC,Finance
AEE,Public_Utilities
AEG,Finance
AEHR,Capital_Goods
AEI,Consumer_Services
AEIS,Consumer_Durables
AEL,Finance
AEMD,Miscellaneous
AENZ,Basic_Industries
AEO,Consumer_Services
AEP,Public_Utilities
AER,Technology
AERI,Health_Care
AES,Public_Utilities
AESE,Consumer_Services
AEVA,Capital_Goods
AEYE,Technology
AFB,Finance
AFBI,Finance
AFCG,Consumer_Services
AFG,Finance
AFI,Capital_Goods
AFIB,Health_Care
AFIN,Consumer_Services
AFL,Finance
AFMD,Health_Care
AFRM,Technology
AFT,Finance
AFYA,Consumer_Services
AGAC,Finance
AGBA,Finance
AGC,Finance
AGCB,Finance
AGCO,Capital_Goods
AGD,Finance
AGEN,Health_Care
AGFY,Finance
AGGR,Finance
AGIL,Technology
AGIO,Health_Care
AGL,Health_Care
AGLE,Health_Care
AGM,Finance
AGMH,Technology
AGNC,Consumer_Services
AGO,Finance
AGR,Public_Utilities
AGRX,Health_Care
AGS,Consumer_Services
AGTC,Health_Care
AGTI,Health_Care
AGX,Capital_Goods
AGYS,Technology
AHCO,Health_Care
AHH,Consumer_Services
AHT,Consumer_Services
AI,Technology
AIF,Finance
AIG,Finance
AIH,Health_Care
AIKI,Consumer_Durables
AIMC,Capital_Goods
AIN,Basic_Industries
AINV,Finance
AIO,Finance
AIR,Capital_Goods
AIRC,Consumer_Services
AIRG,Technology
AIRT,Transportation
AIT,Capital_Goods
AIV,Consumer_Services
AIZ,Finance
AJG,Finance
AJRD,Capital_Goods
AJX,Consumer_Services
AKAM,Miscellaneous
AKBA,Health_Care
AKIC,Finance
AKR,Consumer_Services
AKRO,Health_Care
AKTS,Public_Utilities
AKTX,Health_Care
AKUS,Consumer_Durables
AKYA,Capital_Goods
AL,Technology
ALAC,Finance
ALB,Basic_Industries
ALBO,Health_Care
ALC,Health_Care
ALDX,Health_Care
ALE,Public_Utilities
ALEC,Health_Care
ALEX,Consumer_Services
ALF,Technology
ALG,Capital_Goods
ALGM,Technology
ALGN,Health_Care
ALGS,Health_Care
ALGT,Transportation
ALHC,Health_Care
ALIT,Technology
ALK,Transportation
ALKS,Health_Care
ALKT,Technology
ALL,Finance
ALLE,Consumer_Services
ALLK,Health_Care
ALLO,Health_Care
ALLT,Public_Utilities
ALLY,Finance
ALNA,Health_Care
ALNY,Health_Care
ALOT,Technology
ALPN,Health_Care
ALRM,Technology
ALRN,Health_Care
ALRS,Finance
ALSN,Capital_Goods
ALT,Health_Care
ALTA,Finance
ALTG,Technology
ALTM,Energy
ALTO,Basic_Industries
ALTR,Technology
ALV,Capital_Goods
ALVR,Health_Care
ALX,Consumer_Services
ALXO,Health_Care
ALZN,Consumer_Durables
AM,Public_Utilities
AMAL,Finance
AMAT,Capital_Goods
AMBA,Technology
AMBC,Finance
AMC,Consumer_Services
AMCR,Consumer_Durables
AMCX,Consumer_Services
AMD,Technology
AME,Consumer_Durables
AMED,Health_Care
AMEH,Health_Care
AMG,Finance
AMGN,Health_Care
AMH,Consumer_Services
AMK,Finance
AMKR,Technology
AMN,Health_Care
AMNB,Finance
AMOT,Capital_Goods
AMOV,Public_Utilities
AMP,Finance
AMPH,Health_Care
AMPY,Energy
AMR,Energy
AMRC,Basic_Industries
AMRK,Finance
AMRN,Health_Care
AMRS,Basic_Industries
AMRX,Health_Care
AMSC,Capital_Goods
AMSF,Finance
AMSWA,Technology
AMT,Finance
AMTB,Finance
AMTBB,Finance
AMTI,Consumer_Durables
AMTX,Energy
AMWD,Consumer_Durables
AMWL,Technology
AMX,Public_Utilities
AMYT,Health_Care
AMZN,Consumer_Services
AN,Consumer_Services
ANAB,Health_Care
ANAC,Health_Care
ANAT,Finance
ANDE,Consumer_Non-Durables
ANEB,Health_Care
ANET,Technology
ANF,Consumer_Services
ANGI,Technology
ANGN,Health_Care
ANGO,Health_Care
ANIK,Health_Care
ANIP,Health_Care
ANIX,Health_Care
ANNX,Health_Care
ANSS,Technology
ANTM,Health_Care
AOD,Finance
AOMR,Consumer_Services
AON,Finance
AOS,Capital_Goods
AOSL,Technology
AP,Capital_Goods
APA,Energy
APAM,Finance
APD,Basic_Industries
APEI,Miscellaneous
APEN,Health_Care
APG,Consumer_Services
APGB,Finance
APH,Capital_Goods
API,Technology
APLE,Consumer_Services
APLS,Health_Care
APLT,Health_Care
APM,Health_Care
APO,Finance
APP,Technology
APPF,Technology
APPN,Technology
APPS,Technology
APR,Health_Care
APRE,Health_Care
APRN,Consumer_Services
APSG,Finance
APTS,Consumer_Services
APTV,Capital_Goods
APTX,Health_Care
APVO,Health_Care
APYX,Health_Care
AQMS,Public_Utilities
AQN,Public_Utilities
AQST,Health_Care
AQUA,Capital_Goods
AR,Energy
ARAV,Health_Care
ARAY,Health_Care
ARC,Miscellaneous
ARCB,Transportation
ARCC,Finance
ARCE,Miscellaneous
ARCH,Energy
ARCO,Consumer_Services
ARCT,Health_Care
ARD,Consumer_Durables
ARDC,Finance
ARDS,Health_Care
ARDX,Health_Care
ARE,Consumer_Services
ARES,Finance
ARGO,Finance
ARGX,Health_Care
ARI,Consumer_Services
ARKO,Consumer_Services
ARKR,Consumer_Services
ARL,Consumer_Services
ARLO,Miscellaneous
ARLP,Energy
ARMK,Consumer_Services
ARNA,Health_Care
ARNC,Technology
AROC,Energy
AROW,Finance
ARQT,Health_Care
ARR,Consumer_Services
ARRY,Technology
ARTA,Finance
ARTNA,Public_Utilities
ARVL,Capital_Goods
ARVN,Health_Care
ARW,Technology
ARWR,Health_Care
ARYD,Finance
ASA,Basic_Industries
ASAI,Consumer_Services
ASAN,Technology
ASB,Finance
ASC,Transportation
ASG,Finance
ASGI,Finance
ASGN,Technology
ASH,Basic_Industries
ASIX,Basic_Industries
ASLE,Transportation
ASLN,Health_Care
ASMB,Health_Care
ASML,Technology
ASND,Health_Care
ASO,Consumer_Non-Durables
ASPC,Finance
ASPN,Capital_Goods
ASPS,Finance
ASPU,Miscellaneous
ASR,Transportation
ASRV,Finance
ASTC,Capital_Goods
ASTE,Capital_Goods
ASTS,Consumer_Services
ASUR,Technology
ASX,Technology
ASYS,Technology
ATA,Finance
ATAX,Finance
ATC,Basic_Industries
ATCO,Transportation
ATCX,Consumer_Services
ATEC,Health_Care
ATEN,Technology
ATER,Capital_Goods
ATEX,Consumer_Services
ATGE,Miscellaneous
ATH,Finance
ATHA,Consumer_Durables
ATHE,Health_Care
ATHX,Health_Care
ATI,Basic_Industries
ATIP,Health_Care
ATKR,Technology
ATLC,Finance
ATLO,Finance
ATMR,Finance
ATNF,Health_Care
ATNI,Public_Utilities
ATNX,Health_Care
ATO,Public_Utilities
ATOM,Technology
ATOS,Health_Care
ATR,Capital_Goods
ATRA,Health_Care
ATRC,Health_Care
ATRI,Health_Care
ATRO,Capital_Goods
ATRS,Health_Care
ATTO,Public_Utilities
ATUS,Public_Utilities
ATVI,Technology
ATXS,Health_Care
AU,Basic_Industries
AUB,Finance
AUBN,Finance
AUD,Consumer_Services
AUDC,Public_Utilities
AUID,Technology
AURC,Finance
AUTL,Health_Care
AVA,Public_Utilities
AVAH,Health_Care
AVAL,Finance
AVAN,Finance
AVAV,Capital_Goods
AVB,Consumer_Services
AVCO,Health_Care
AVCT,Technology
AVD,Basic_Industries
AVDL,Health_Care
AVEO,Health_Care
AVGO,Technology
AVGR,Health_Care
AVID,Technology
AVIR,Consumer_Durables
AVK,Finance
AVLR,Technology
AVNS,Health_Care
AVNT,Basic_Industries
AVNW,Capital_Goods
AVPT,Technology
AVRO,Health_Care
AVT,Technology
AVTE,Health_Care
AVTR,Basic_Industries
AVTX,Health_Care
AVXL,Health_Care
AVY,Miscellaneous
AVYA,Technology
AWF,Finance
AWH,Health_Care
AWK,Public_Utilities
AWP,Finance
AWR,Public_Utilities
AWRE,Technology
AX,Finance
AXDX,Capital_Goods
AXGN,Health_Care
AXL,Capital_Goods
AXLA,Health_Care
AXNX,Health_Care
AXON,Consumer_Non-Durables
AXP,Finance
AXR,Consumer_Services
AXS,Finance
AXSM,Health_Care
AXTA,Basic_Industries
AXTI,Technology
AY,Public_Utilities
AYI,Consumer_Durables
AYLA,Consumer_Durables
AYTU,Miscellaneous
AYX,Technology
AZN,Health_Care
AZPN,Technology
AZRE,Public_Utilities
AZUL,Transportation
AZYO,Health_Care
AZZ,Capital_Goods
B,Capital_Goods
BA,Capital_Goods
BABA,Consumer_Services
BAC,Finance
BAH,Consumer_Services
BAK,Basic_Industries
BALY,Consumer_Services
BAM,Miscellaneous
BANC,Finance
BAND,Technology
BANF,Finance
BANR,Finance
BANX,Finance
BAOS,Miscellaneous
BAP,Finance
BARK,Consumer_Services
BASE,Technology
BATRA,Consumer_Services
BATRK,Consumer_Services
BAX,Health_Care
BBAR,Finance
BBBY,Consumer_Services
BBCP,Consumer_Services
BBD,Finance
BBDC,Finance
BBDO,Finance
BBGI,Consumer_Services
BBI,Health_Care
BBIG,Consumer_Non-Durables
BBIO,Health_Care
BBL,Energy
BBN,Finance
BBQ,Consumer_Services
BBSI,Technology
BBU,Capital_Goods
BBVA,Finance
BBW,Consumer_Services
BBWI,Miscellaneous
BBY,Consumer_Services
BC,Consumer_Non-Durables
BCAB,Consumer_Durables
BCAT,Finance
BCBP,Finance
BCEI,Energy
BCEL,Health_Care
BCH,Finance
BCLI,Health_Care
BCML,Finance
BCO,Miscellaneous
BCOR,Finance
BCOV,Technology
BCOW,Finance
BCPC,Basic_Industries
BCRX,Health_Care
BCS,Finance
BCSF,Finance
BCX,Finance
BCYC,Health_Care
BDC,Basic_Industries
BDJ,Finance
BDN,Consumer_Services
BDSI,Health_Care
BDSX,Health_Care
BDTX,Health_Care
BDX,Health_Care
BE,Consumer_Durables
BEAM,Consumer_Durables
BECN,Capital_Goods
BEDU,Miscellaneous
BEEM,Technology
BEKE,Finance
BELFA,Capital_Goods
BELFB,Capital_Goods
BEN,Finance
BEP,Public_Utilities
BERY,Consumer_Non-Durables
BFAM,Miscellaneous
BFC,Finance
BFI,Consumer_Services
BFIN,Finance
BFK,Finance
BFLY,Health_Care
BFRA,Health_Care
BFS,Consumer_Services
BFST,Finance
BFZ,Finance
BG,Basic_Industries
BGB,Finance
BGCP,Finance
BGFV,Consumer_Services
BGH,Finance
BGIO,Finance
BGNE,Health_Care
BGR,Finance
BGRY,Capital_Goods
BGS,Consumer_Non-Durables
BGSF,Technology
BGT,Finance
BGX,Finance
BGY,Finance
BH,Consumer_Services
BHE,Technology
BHF,Finance
BHG,Health_Care
BHK,Finance
BHLB,Finance
BHP,Basic_Industries
BHR,Consumer_Services
BHSE,Finance
BHVN,Health_Care
BIDU,Technology
BIF,Finance
BIG,Consumer_Services
BIGC,Technology
BIIB,Health_Care
BILI,Technology
BILL,Technology
BIO,Capital_Goods
BIOC,Health_Care
BIOL,Health_Care
BIOT,Finance
BIOX,Basic_Industries
BIP,Public_Utilities
BIT,Finance
BIVI,Health_Care
BJ,Consumer_Services
BJRI,Consumer_Services
BK,Finance
BKCC,Finance
BKD,Health_Care
BKE,Consumer_Services
BKEP,Energy
BKH,Public_Utilities
BKI,Technology
BKN,Finance
BKNG,Transportation
BKR,Energy
BKSC,Finance
BKT,Finance
BKU,Finance
BL,Technology
BLBD,Capital_Goods
BLCT,Technology
BLD,Capital_Goods
BLDE,Transportation
BLDR,Consumer_Services
BLE,Finance
BLFS,Health_Care
BLFY,Finance
BLI,Consumer_Durables
BLK,Finance
BLKB,Technology
BLL,Consumer_Durables
BLMN,Consumer_Services
BLND,Technology
BLNK,Miscellaneous
BLRX,Health_Care
BLSA,Finance
BLUA,Finance
BLUE,Health_Care
BLW,Finance
BLX,Finance
BMA,Finance
BMBL,Technology
BME,Finance
BMEA,Health_Care
BMEZ,Finance
BMI,Capital_Goods
BMRA,Health_Care
BMRC,Finance
BMRN,Health_Care
BMTC,Finance
BMY,Health_Care
BNED,Consumer_Services
BNFT,Technology
BNGO,Capital_Goods
BNL,Consumer_Services
BNR,Health_Care
BNTX,Health_Care
BNY,Finance
BOAC,Finance
BOCH,Finance
BODY,Capital_Goods
BOE,Finance
BOH,Finance
BOKF,Finance
BOLT,Health_Care
BOMN,Technology
BON,Consumer_Services
BOOT,Consumer_Services
BORR,Energy
BOTJ,Finance
BOX,Technology
BOXL,Capital_Goods
BP,Energy
BPMC,Health_Care
BPMP,Energy
BPOP,Finance
BPRN,Finance
BPT,Energy
BPTS,Health_Care
BQ,Consumer_Services
BR,Miscellaneous
BRBR,Consumer_Non-Durables
BRC,Miscellaneous
BRCN,Basic_Industries
BRDG,Consumer_Services
BRFS,Consumer_Non-Durables
BRID,Consumer_Non-Durables
BRKL,Finance
BRKR,Capital_Goods
BRKS,Technology
BRLI,Finance
BRMK,Consumer_Services
BRO,Finance
BROG,Energy
BROS,Consumer_Services
BRP,Finance
BRQS,Technology
BRSP,Consumer_Services
BRT,Consumer_Services
BRW,Finance
BRX,Consumer_Services
BRY,Energy
BSAC,Finance
BSBR,Finance
BSET,Consumer_Durables
BSGM,Health_Care
BSIG,Finance
BSL,Finance
BSM,Energy
BSMX,Finance
BSN,Finance
BSRR,Finance
BST,Finance
BSTZ,Finance
BSVN,Finance
BSX,Health_Care
BSY,Technology
BTA,Finance
BTAI,Health_Care
BTAQ,Finance
BTAQU,Finance
BTBT,Finance
BTCM,Consumer_Services
BTCY,Health_Care
BTI,Consumer_Non-Durables
BTNB,Finance
BTO,Finance
BTRS,Technology
BTT,Finance
BTU,Energy
BTWN,Finance
BTZ,Finance
BUD,Consumer_Non-Durables
BUI,Finance
BUR,Consumer_Non-Durables
BURL,Consumer_Non-Durables
BUSE,Finance
BV,Miscellaneous
BVH,Consumer_Services
BVN,Basic_Industries
BVS,Health_Care
BW,Capital_Goods
BWA,Capital_Goods
BWAY,Health_Care
BWB,Finance
BWEN,Capital_Goods
BWFG,Finance
BWG,Finance
BWMN,Consumer_Services
BWMX,Consumer_Services
BX,Finance
BXC,Capital_Goods
BXMT,Consumer_Services
BXMX,Finance
BXP,Consumer_Services
BXRX,Health_Care
BXS,Finance
BY,Finance
BYD,Consumer_Services
BYFC,Finance
BYM,Finance
BYND,Consumer_Non-Durables
BYRN,Consumer_Non-Durables
BYSI,Health_Care
BYTS,Finance
BZH,Capital_Goods
BZUN,Consumer_Services
C,Finance
CAAP,Transportation
CAAS,Capital_Goods
CABA,Health_Care
CABO,Consumer_Services
CAC,Finance
CACC,Finance
CACI,Technology
CADE,Finance
CADL,Health_Care
CAF,Finance
CAG,Consumer_Non-Durables
CAH,Health_Care
CAI,Technology
CAJ,Miscellaneous
CAKE,Consumer_Services
CAL,Consumer_Non-Durables
CALA,Health_Care
CALB,Finance
CALT,Health_Care
CALX,Technology
CAMP,Consumer_Services
CAMT,Capital_Goods
CAN,Technology
CANG,Technology
CANO,Health_Care
CAPR,Health_Care
CAR,Miscellaneous
CARA,Health_Care
CARE,Finance
CARR,Capital_Goods
CARV,Finance
CASA,Technology
CASH,Finance
CASI,Health_Care
CASS,Miscellaneous
CASY,Consumer_Services
CAT,Capital_Goods
CATC,Finance
CATY,Finance
CB,Finance
CBAN,Finance
CBAT,Capital_Goods
CBAY,Health_Care
CBD,Consumer_Services
CBFV,Finance
CBH,Finance
CBIO,Health_Care
CBMB,Finance
CBNK,Finance
CBRE,Finance
CBRL,Consumer_Services
CBSH,Finance
CBT,Basic_Industries
CBTX,Finance
CBU,Finance
CBZ,Miscellaneous
CC,Basic_Industries
CCAC,Finance
CCB,Finance
CCBG,Finance
CCCC,Health_Care
CCCS,Technology
CCD,Finance
CCEL,Health_Care
CCEP,Consumer_Non-Durables
CCI,Consumer_Services
CCK,Consumer_Durables
CCLP,Energy
CCM,Health_Care
CCMP,Technology
CCNE,Finance
CCO,Technology
CCOI,Consumer_Services
CCRN,Technology
CCS,Capital_Goods
CCU,Consumer_Non-Durables
CCXI,Health_Care
CD,Finance
CDAK,Consumer_Durables
CDAY,Technology
CDE,Basic_Industries
CDEV,Energy
CDK,Technology
CDLX,Technology
CDMO,Health_Care
CDNA,Health_Care
CDNS,Technology
CDR,Consumer_Services
CDTX,Health_Care
CDW,Technology
CDXC,Consumer_Durables
CDXS,Health_Care
CDZI,Public_Utilities
CE,Basic_Industries
CEA,Transportation
CECE,Capital_Goods
CEE,Finance
CELC,Health_Care
CELH,Consumer_Non-Durables
CELU,Health_Care
CEM,Finance
CEMI,Health_Care
CEN,Finance
CENX,Basic_Industries
CEPU,Public_Utilities
CEQP,Energy
CERE,Consumer_Durables
CERN,Health_Care
CERS,Health_Care
CERT,Consumer_Durables
CEVA,Technology
CF,Basic_Industries
CFB,Finance
CFBK,Finance
CFFI,Finance
CFFN,Finance
CFG,Finance
CFLT,Technology
CFMS,Health_Care
CFR,Finance
CFRX,Health_Care
CFX,Capital_Goods
CG,Finance
CGA,Basic_Industries
CGBD,Finance
CGEM,Health_Care
CGEN,Health_Care
CGNT,Technology
CGNX,Capital_Goods
CGO,Finance
CHAA,Finance
CHCO,Finance
CHCT,Consumer_Services
CHD,Consumer_Non-Durables
CHDN,Consumer_Services
CHE,Health_Care
CHEF,Consumer_Non-Durables
CHGG,Miscellaneous
CHH,Consumer_Services
CHI,Finance
CHK,Energy
CHKP,Technology
CHMG,Finance
CHMI,Consumer_Services
CHN,Finance
CHNG,Health_Care
CHNR,Basic_Industries
CHPT,Miscellaneous
CHRA,Public_Utilities
CHRS,Health_Care
CHRW,Transportation
CHS,Consumer_Services
CHT,Public_Utilities
CHTR,Consumer_Services
CHUY,Consumer_Services
CHW,Finance
CHWY,Consumer_Services
CHX,Capital_Goods
CHY,Finance
CI,Health_Care
CIA,Finance
CIB,Finance
CIDM,Consumer_Services
CIEN,Public_Utilities
CIF,Finance
CIFR,Finance
CIG,Public_Utilities
CIH,Technology
CII,Finance
CIM,Consumer_Services
CINF,Finance
CINR,Basic_Industries
CIO,Consumer_Services
CIR,Capital_Goods
CIT,Finance
CIVB,Finance
CIZN,Finance
CKPT,Health_Care
CL,Consumer_Non-Durables
CLAR,Consumer_Non-Durables
CLB,Energy
CLBK,Finance
CLBS,Health_Care
CLDB,Finance
CLDR,Technology
CLDT,Consumer_Services
CLDX,Health_Care
CLFD,Public_Utilities
CLGN,Health_Care
CLI,Consumer_Services
CLIR,Technology
CLLS,Health_Care
CLMT,Energy
CLNE,Public_Utilities
CLNN,Consumer_Durables
CLOV,Health_Care
CLPR,Consumer_Services
CLPS,Technology
CLPT,Health_Care
CLR,Energy
CLRB,Health_Care
CLSD,Health_Care
CLSK,Technology
CLSN,Health_Care
CLVS,Health_Care
CLVT,Consumer_Services
CLW,Basic_Industries
CLX,Consumer_Durables
CLXT,Consumer_Non-Durables
CMA,Finance
CMAX,Technology
CMBM,Technology
CMC,Basic_Industries
CMCM,Technology
CMCO,Capital_Goods
CMCSA,Consumer_Services
CMCT,Consumer_Services
CME,Finance
CMG,Consumer_Services
CMI,Capital_Goods
CMLS,Consumer_Services
CMMB,Health_Care
CMO,Consumer_Services
CMP,Basic_Industries
CMPI,Consumer_Durables
CMPR,Consumer_Services
CMPS,Health_Care
CMRE,Transportation
CMRX,Health_Care
CMS,Public_Utilities
CMTL,Technology
CMU,Finance
CNA,Finance
CNBKA,Finance
CNC,Health_Care
CNCE,Health_Care
CNDT,Technology
CNEY,Basic_Industries
CNF,Finance
CNHI,Capital_Goods
CNK,Consumer_Services
CNM,Capital_Goods
CNMD,Health_Care
CNNE,Consumer_Services
CNO,Finance
CNOB,Finance
CNP,Public_Utilities
CNR,Capital_Goods
CNS,Finance
CNSL,Public_Utilities
CNTB,Health_Care
CNTG,Health_Care
CNTY,Consumer_Services
CNVY,Technology
CNX,Energy
CNXC,Technology
CNXN,Technology
CO,Health_Care
COCP,Health_Care
CODA,Capital_Goods
CODX,Health_Care
COE,Miscellaneous
COF,Finance
COFS,Finance
COG,Energy
COGT,Health_Care
COHR,Capital_Goods
COHU,Capital_Goods
COIN,Technology
COKE,Consumer_Non-Durables
COLB,Finance
COLD,Finance
COLL,Health_Care
COLM,Consumer_Non-Durables
COMM,Technology
COMP,Technology
COMS,Consumer_Services
CONE,Consumer_Services
CONN,Consumer_Services
COO,Health_Care
COOK,Capital_Goods
COOL,Finance
COOP,Finance
COP,Energy
COR,Consumer_Services
CORR,Consumer_Services
CORT,Health_Care
COST,Consumer_Services
COTY,Consumer_Non-Durables
COUP,Technology
COUR,Miscellaneous
COVA,Finance
COWN,Finance
CPA,Transportation
CPAC,Capital_Goods
CPB,Consumer_Non-Durables
CPE,Energy
CPF,Finance
CPHC,Consumer_Services
CPK,Public_Utilities
CPLG,Consumer_Services
CPLP,Transportation
CPNG,Capital_Goods
CPRT,Miscellaneous
CPRX,Health_Care
CPS,Capital_Goods
CPSI,Technology
CPSS,Finance
CPT,Consumer_Services
CPTK,Finance
CPZ,Finance
CR,Capital_Goods
CRAI,Miscellaneous
CRBP,Health_Care
CRBU,Consumer_Durables
CRC,Energy
CRCT,Capital_Goods
CRDF,Health_Care
CREE,Technology
CRESY,Finance
CRH,Capital_Goods
CRHC,Finance
CRI,Consumer_Services
CRIS,Health_Care
CRK,Energy
CRL,Consumer_Services
CRM,Technology
CRMD,Health_Care
CRMT,Consumer_Services
CRNC,Technology
CRNT,Technology
CRNX,Health_Care
CROX,Consumer_Non-Durables
CRS,Basic_Industries
CRSP,Health_Care
CRSR,Technology
CRT,Energy
CRTO,Technology
CRTX,Health_Care
CRUS,Technology
CRVL,Finance
CRVS,Health_Care
CRWD,Technology
CRWS,Basic_Industries
CRY,Health_Care
CRZN,Finance
CS,Finance
CSAN,Consumer_Durables
CSBR,Health_Care
CSCO,Technology
CSGP,Finance
CSGS,Technology
CSII,Health_Care
CSLT,Health_Care
CSOD,Technology
CSPR,Consumer_Durables
CSQ,Finance
CSR,Consumer_Services
CSSE,Consumer_Services
CSTA,Finance
CSTE,Capital_Goods
CSTL,Health_Care
CSTM,Basic_Industries
CSTR,Finance
CSU,Health_Care
CSV,Miscellaneous
CSWC,Finance
CSWI,Basic_Industries
CSX,Transportation
CTAC,Finance
CTAS,Miscellaneous
CTBI,Finance
CTG,Technology
CTHR,Consumer_Non-Durables
CTIC,Health_Care
CTK,Technology
CTKB,Health_Care
CTLP,Technology
CTLT,Health_Care
CTMX,Health_Care
CTO,Consumer_Services
CTOS,Technology
CTR,Finance
CTRE,Consumer_Services
CTRM,Transportation
CTS,Capital_Goods
CTSH,Technology
CTSO,Health_Care
CTT,Consumer_Services
CTVA,Basic_Industries
CTXR,Health_Care
CTXS,Technology
CUBE,Consumer_Services
CUBI,Finance
CUE,Health_Care
CULL,Finance
CULP,Basic_Industries
CURI,Consumer_Services
CURO,Finance
CURV,Consumer_Services
CUTR,Health_Care
CUZ,Consumer_Services
CVAC,Health_Care
CVBF,Finance
CVCO,Basic_Industries
CVCY,Finance
CVET,Health_Care
CVGI,Capital_Goods
CVI,Energy
CVLG,Transportation
CVLT,Technology
CVLY,Finance
CVNA,Consumer_Services
CVRX,Health_Care
CVS,Health_Care
CVX,Energy
CW,Capital_Goods
CWBC,Finance
CWBR,Health_Care
CWCO,Public_Utilities
CWEN,Public_Utilities
CWH,Capital_Goods
CWK,Finance
CWST,Public_Utilities
CWT,Public_Utilities
CX,Capital_Goods
CXDO,Consumer_Services
CXE,Finance
CXH,Finance
CXM,Technology
CXP,Consumer_Services
CXW,Consumer_Services
CYAD,Health_Care
CYBE,Capital_Goods
CYBR,Technology
CYCC,Health_Care
CYCN,Health_Care
CYD,Capital_Goods
CYH,Health_Care
CYT,Health_Care
CYTK,Health_Care
CYXT,Technology
CZNC,Finance
CZOO,Consumer_Durables
CZR,Consumer_Services
CZWI,Finance
D,Public_Utilities
DAC,Transportation
DADA,Consumer_Services
DAIO,Capital_Goods
DAKT,Capital_Goods
DAL,Transportation
DAN,Capital_Goods
DAO,Consumer_Services
DAR,Consumer_Non-Durables
DARE,Health_Care
DASH,Capital_Goods
DATS,Technology
DAVA,Technology
DAWN,Health_Care
DB,Finance
DBD,Technology
DBI,Consumer_Services
DBRG,Consumer_Services
DBTX,Health_Care
DBVT,Health_Care
DBX,Technology
DCF,Finance
DCI,Capital_Goods
DCO,Capital_Goods
DCOM,Finance
DCP,Public_Utilities
DCPH,Health_Care
DCT,Technology
DCTH,Health_Care
DD,Capital_Goods
DDD,Technology
DDF,Finance
DDI,Technology
DDOG,Technology
DDS,Consumer_Services
DE,Capital_Goods
DEA,Consumer_Services
DECK,Consumer_Non-Durables
DEH,Finance
DEI,Consumer_Services
DELL,Technology
DEN,Energy
DENN,Consumer_Services
DEO,Consumer_Non-Durables
DESP,Transportation
DEX,Finance
DFFN,Health_Care
DFIN,Finance
DFP,Finance
DFPH,Finance
DFS,Finance
DG,Consumer_Services
DGICA,Finance
DGICB,Finance
DGII,Technology
DGLY,Miscellaneous
DGNS,Finance
DGNU,Finance
DGX,Health_Care
DH,Technology
DHC,Consumer_Services
DHCA,Finance
DHF,Finance
DHIL,Finance
DHR,Capital_Goods
DHT,Transportation
DHX,Technology
DIAX,Finance
DIBS,Miscellaneous
DICE,Health_Care
DIN,Consumer_Services
DIOD,Technology
DIS,Consumer_Services
DISA,Finance
DISCA,Consumer_Services
DISCB,Consumer_Services
DISCK,Consumer_Services
DISH,Consumer_Services
DJCO,Consumer_Services
DK,Energy
DKL,Energy
DKNG,Consumer_Services
DKS,Consumer_Services
DLB,Technology
DLCA,Finance
DLHC,Miscellaneous
DLR,Consumer_Services
DLTH,Consumer_Services
DLTR,Consumer_Services
DLX,Technology
DLY,Finance
DM,Technology
DMB,Finance
DMLP,Energy
DMO,Finance
DMRC,Technology
DMS,Technology
DMTK,Health_Care
DNAD,Health_Care
DNAY,Health_Care
DNB,Technology
DNLI,Health_Care
DNMR,Consumer_Non-Durables
DNOW,Energy
DNP,Finance
DNUT,Consumer_Services
DOC,Consumer_Services
DOCN,Technology
DOCS,Technology
DOCU,Technology
DOGZ,Consumer_Durables
DOMA,Finance
DOMO,Technology
DORM,Capital_Goods
DOV,Capital_Goods
DOW,Basic_Industries
DOX,Technology
DOYU,Technology
DPG,Finance
DPRO,Consumer_Durables
DPZ,Consumer_Non-Durables
DQ,Technology
DRD,Basic_Industries
DRE,Consumer_Services
DRH,Consumer_Services
DRI,Consumer_Services
DRIO,Health_Care
DRNA,Health_Care
DRQ,Energy
DRRX,Health_Care
DS,Consumer_Services
DSAC,Finance
DSEY,Consumer_Durables
DSGN,Health_Care
DSL,Finance
DSM,Finance
DSP,Technology
DSPG,Technology
DSU,Finance
DSWL,Consumer_Non-Durables
DSX,Transportation
DT,Technology
DTE,Public_Utilities
DTF,Finance
DTIL,Health_Care
DTM,Public_Utilities
DUK,Public_Utilities
DUO,Technology
DUOL,Technology
DV,Technology
DVA,Health_Care
DVAX,Health_Care
DVD,Consumer_Services
DVN,Energy
DX,Consumer_Services
DXC,Technology
DXCM,Health_Care
DXLG,Consumer_Services
DXPE,Capital_Goods
DXYN,Consumer_Durables
DY,Basic_Industries
DYAI,Health_Care
DYFN,Finance
DYN,Consumer_Durables
DZSI,Public_Utilities
E,Energy
EA,Technology
EAF,Consumer_Durables
EAR,Health_Care
EARN,Consumer_Services
EAT,Consumer_Services
EB,Technology
EBAC,Finance
EBAY,Consumer_Services
EBC,Finance
EBET,Consumer_Services
EBF,Consumer_Services
EBIX,Technology
EBMT,Finance
EBON,Technology
EBR,Public_Utilities
EBS,Health_Care
EBSB,Finance
EBTC,Finance
EC,Energy
ECC___________,Finance
ECHO,Transportation
ECL,Consumer_Non-Durables
ECOL,Public_Utilities
ECOM__________,Technology
ECOR,Health_Care
ECVT,Basic_Industries
ED,Public_Utilities
EDAP,Health_Care
EDD,Finance
EDF,Finance
EDI,Finance
EDIT,Health_Care
EDN,Public_Utilities
EDR,Consumer_Services
EDRY,Consumer_Services
EDU,Miscellaneous
EDUC,Consumer_Services
EEA,Finance
EEFT,Technology
EEIQ,Consumer_Services
EEX,Technology
EFC,Finance
EFL,Finance
EFR,Finance
EFSC,Finance
EFT,Finance
EFTR,Health_Care
EFX,Technology
EGAN,Technology
EGBN,Finance
EGF,Finance
EGHT,Technology
EGLE,Transportation
EGP,Consumer_Services
EGRX,Health_Care
EGY,Energy
EH,Transportation
EHC,Health_Care
EHI,Finance
EHTH,Finance
EIG,Finance
EIGR,Health_Care
EIX,Public_Utilities
EJFA,Finance
EJH,Consumer_Services
EKSO,Health_Care
EL,Consumer_Non-Durables
ELAN,Health_Care
ELDN,Health_Care
ELEV,Health_Care
ELF,Consumer_Non-Durables
ELMS,Capital_Goods
ELOX,Health_Care
ELP,Public_Utilities
ELS,Consumer_Services
ELVT,Finance
ELY,Consumer_Non-Durables
ELYM,Health_Care
ELYS,Consumer_Services
EM,Consumer_Services
EMCF,Finance
EMD,Finance
EME,Capital_Goods
EMF,Finance
EMKR,Technology
EML,Capital_Goods
EMN,Basic_Industries
EMO,Finance
EMR,Capital_Goods
ENB,Energy
ENDP,Health_Care
ENG,Consumer_Services
ENIA,Public_Utilities
ENIC,Public_Utilities
ENLC,Public_Utilities
ENLV,Health_Care
ENOB,Health_Care
ENPH,Capital_Goods
ENR,Basic_Industries
ENS,Consumer_Non-Durables
ENSC,Health_Care
ENSG,Health_Care
ENTA,Health_Care
ENTG,Technology
ENTX,Health_Care
ENV,Technology
ENVA,Finance
ENVB,Health_Care
ENVX,Capital_Goods
ENZ,Health_Care
EOD,Finance
EOG,Energy
EOI,Consumer_Services
EOLS,Consumer_Durables
EOS,Finance
EOSE,Technology
EOT,Finance
EPAC,Capital_Goods
EPAM,Technology
EPAY,Technology
EPC,Consumer_Non-Durables
EPD,Public_Utilities
EPR,Consumer_Services
EPRT,Consumer_Services
EPZM,Health_Care
EQ,Health_Care
EQBK,Finance
EQC,Consumer_Services
EQIX,Consumer_Services
EQNR,Energy
EQOS,Miscellaneous
EQR,Consumer_Services
EQT,Energy
ERAS,Health_Care
ERIC,Technology
ERIE,Finance
ERII,Technology
ERJ,Capital_Goods
ERYP,Health_Care
ES,Public_Utilities
ESCA,Consumer_Non-Durables
ESE,Capital_Goods
ESEA,Transportation
ESGC,Consumer_Services
ESGR,Finance
ESI,Basic_Industries
ESLT,Capital_Goods
ESM,Finance
ESNT,Finance
ESPR,Health_Care
ESQ,Finance
ESRT,Consumer_Services
ESS,Consumer_Services
ESSA,Finance
ESSC,Finance
ESTA,Health_Care
ESTC,Technology
ESTE,Energy
ESXB,Finance
ET,Public_Utilities
ETB,Finance
ETD,Consumer_Durables
ETG,Finance
ETJ,Finance
ETN,Capital_Goods
ETNB,Health_Care
ETO,Finance
ETON,Health_Care
ETR,Public_Utilities
ETRN,Energy
ETSY,Consumer_Services
ETTX,Health_Care
ETV,Finance
ETW,Finance
ETWO,Technology
ETX___________,Finance
ETY,Finance
EUCR,Finance
EURN,Transportation
EUSG,Finance
EVAX,Health_Care
EVBG,Technology
EVC,Consumer_Services
EVCM,Technology
EVER,Technology
EVF,Finance
EVFM,Health_Care
EVG,Finance
EVGN,Basic_Industries
EVGO,Consumer_Services
EVH,Health_Care
EVLO,Consumer_Durables
EVLV,Miscellaneous
EVN,Finance
EVOP,Technology
EVR,Finance
EVRG,Public_Utilities
EVRI,Consumer_Services
EVT,Finance
EVTC,Technology
EW,Health_Care
EWBC,Finance
EWCZ,Consumer_Non-Durables
EWTX,Health_Care
EXAS,Health_Care
EXC,Public_Utilities
EXD,Finance
EXEL,Health_Care
EXG,Finance
EXLS,Technology
EXP,Capital_Goods
EXPD,Transportation
EXPE,Transportation
EXPI,Finance
EXPO,Consumer_Services
EXR,Consumer_Services
EXTN,Technology
EXTR,Capital_Goods
EYE,Health_Care
EYEN,Health_Care
EYES,Health_Care
EYPT,Health_Care
EZFL,Technology
EZPW,Miscellaneous
F,Capital_Goods
FA,Miscellaneous
FACT,Finance
FAF,Finance
FAM,Finance
FANG,Energy
FANH,Finance
FARM,Consumer_Non-Durables
FARO,Capital_Goods
FAT,Consumer_Services
FATBB,Consumer_Services
FATE,Health_Care
FB,Technology
FBC,Finance
FBHS,Consumer_Durables
FBIO,Health_Care
FBIZ,Finance
FBK,Finance
FBMS,Finance
FBNC,Finance
FBP,Finance
FC,Consumer_Services
FCAP,Finance
FCAX,Finance
FCBC,Finance
FCCO,Finance
FCCY,Finance
FCEL,Public_Utilities
FCF,Finance
FCFS,Miscellaneous
FCN,Consumer_Services
FCNCA,Finance
FCPT,Consumer_Services
FCRD,Finance
FCT,Finance
FCUV,Capital_Goods
FCX,Basic_Industries
FDBC,Finance
FDEU,Finance
FDMT,Health_Care
FDUS,Finance
FDX,Transportation
FE,Public_Utilities
FEIM,Capital_Goods
FEI___________,Finance
FELE,Consumer_Durables
FEMY,Health_Care
FENG,Consumer_Services
FEO,Finance
FERG,Consumer_Durables
FET,Energy
FEYE,Technology
FF,Basic_Industries
FFA,Finance
FFBC,Finance
FFBW,Finance
FFC,Finance
FFIC,Finance
FFIE,Capital_Goods
FFIN,Finance
FFIV,Technology
FFNW,Finance
FFWM,Finance
FGB,Finance
FGBI,Finance
FGEN,Health_Care
FHB,Finance
FHI,Finance
FHN,Finance
FHS,Consumer_Services
FHTX,Consumer_Durables
FI,Energy
FIBK,Finance
FICO,Technology
FIF,Finance
FIGS,Consumer_Non-Durables
FINM,Finance
FINS,Finance
FINV,Finance
FIS,Miscellaneous
FISI,Finance
FISV,Technology
FITB,Finance
FIV,Finance
FIVE,Consumer_Services
FIVN,Technology
FIX,Capital_Goods
FIXX,Health_Care
FIZZ,Consumer_Non-Durables
FKWL,Public_Utilities
FL,Consumer_Services
FLAC,Finance
FLC,Finance
FLDM,Capital_Goods
FLEX,Technology
FLGT,Health_Care
FLIC,Finance
FLL,Consumer_Services
FLMN,Energy
FLNG,Consumer_Services
FLNT,Consumer_Services
FLO,Consumer_Non-Durables
FLOW,Capital_Goods
FLR,Capital_Goods
FLS,Capital_Goods
FLT,Technology
FLUX,Capital_Goods
FLWS,Consumer_Services
FLXN,Health_Care
FLXS,Consumer_Durables
FLYW,Technology
FMAO,Finance
FMBH,Finance
FMBI,Finance
FMC,Basic_Industries
FMN,Finance
FMNB,Finance
FMO,Finance
FMS,Health_Care
FMTX,Health_Care
FMX,Consumer_Non-Durables
FMY,Finance
FN,Public_Utilities
FNB,Finance
FNCB,Finance
FNCH,Health_Care
FND,Consumer_Services
FNF,Finance
FNKO,Consumer_Non-Durables
FNLC,Finance
FNWB,Finance
FOA,Finance
FOCS,Finance
FOE,Basic_Industries
FOF,Finance
FOLD,Health_Care
FONR,Health_Care
FOR,Finance
FORA,Technology
FORM,Technology
FORR,Consumer_Services
FORTY,Technology
FOSL,Consumer_Non-Durables
FOUR,Technology
FOX,Consumer_Services
FOXA,Consumer_Services
FOXF,Consumer_Non-Durables
FPAC,Finance
FPAY,Consumer_Services
FPF,Finance
FPH,Consumer_Services
FPI,Consumer_Services
FPL,Finance
FR,Consumer_Services
FRA,Finance
FRAF,Finance
FRBA,Finance
FRBK,Finance
FRC,Finance
FREE,Miscellaneous
FREQ,Health_Care
FRG,Miscellaneous
FRGI,Consumer_Services
FRHC,Finance
FRLN,Health_Care
FRME,Finance
FROG,Technology
FRON,Finance
FRPH,Finance
FRST,Finance
FRSX,Technology
FRT,Consumer_Services
FSBC,Finance
FSBW,Finance
FSD,Finance
FSEA,Finance
FSFG,Finance
FSK,Finance
FSLR,Technology
FSLY,Technology
FSS,Technology
FSTR,Basic_Industries
FSTX,Health_Care
FT,Finance
FTAA,Finance
FTAI,Technology
FTCH,Consumer_Services
FTCI,Technology
FTDR,Miscellaneous
FTEK,Capital_Goods
FTFT,Technology
FTHM,Finance
FTHY,Finance
FTI,Energy
FTK,Energy
FTNT,Miscellaneous
FTS,Public_Utilities
FTV,Capital_Goods
FUBO,Consumer_Services
FUL,Basic_Industries
FULC,Health_Care
FULT,Finance
FUN,Consumer_Services
FUNC,Finance
FUND,Finance
FUSB,Finance
FUTU,Finance
FUV,Consumer_Non-Durables
FVCB,Finance
FVE,Health_Care
FVRR,Miscellaneous
FWONA,Consumer_Services
FWONK,Consumer_Services
FWRD,Transportation
FXLV,Consumer_Services
FXNC,Finance
FYBR,Consumer_Services
G,Consumer_Services
GAB,Finance
GABC,Finance
GAIA,Capital_Goods
GAIN,Finance
GALT,Health_Care
GAM,Finance
GAN,Technology
GANX,Health_Care
GASS,Transportation
GATO,Basic_Industries
GATX,Transportation
GB,Technology
GBAB,Finance
GBCI,Finance
GBDC,Finance
GBIO,Health_Care
GBLI,Finance
GBOX,Technology
GBRG,Finance
GBT,Health_Care
GBX,Capital_Goods
GCBC,Finance
GCI,Consumer_Services
GCMG,Finance
GCP,Consumer_Durables
GCV,Finance
GD,Capital_Goods
GDDY,Technology
GDEN,Consumer_Services
GDL,Finance
GDO,Finance
GDOT,Technology
GDRX,Technology
GDS,Technology
GDV,Finance
GDYN,Technology
GE,Consumer_Durables
GECC,Finance
GEG,Health_Care
GEL,Energy
GENC,Capital_Goods
GENE,Health_Care
GEO,Consumer_Services
GEOS,Capital_Goods
GER,Finance
GERN,Health_Care
GEVO,Health_Care
GF,Finance
GFED,Finance
GFF,Capital_Goods
GFI,Basic_Industries
GGAL,Finance
GGB,Basic_Industries
GGG,Capital_Goods
GGM,Finance
GGT,Finance
GGZ,Finance
GH,Health_Care
GHC,Miscellaneous
GHG,Consumer_Services
GHL,Finance
GHLD,Finance
GHM,Capital_Goods
GHY,Finance
GIC,Technology
GIFI,Energy
GIII,Consumer_Services
GIL,Consumer_Durables
GILD,Health_Care
GILT,Technology
GIM,Finance
GIS,Consumer_Services
GKOS,Health_Care
GL,Finance
GLAD,Finance
GLBE,Technology
GLBL,Finance
GLDD,Capital_Goods
GLEO,Finance
GLG,Technology
GLMD,Health_Care
GLNG,Energy
GLOB,Consumer_Services
GLOP,Energy
GLP,Energy
GLPG,Health_Care
GLPI,Consumer_Services
GLRE,Finance
GLSI,Health_Care
GLT,Basic_Industries
GLTO,Health_Care
GLUE,Health_Care
GLW,Capital_Goods
GLYC,Health_Care
GM,Capital_Goods
GMAB,Health_Care
GMBL,Consumer_Services
GMBT,Finance
GMDA,Health_Care
GME,Consumer_Services
GMED,Health_Care
GMRE,Consumer_Services
GMTX,Health_Care
GNCA,Health_Care
GNE,Public_Utilities
GNFT,Health_Care
GNK,Transportation
GNL,Consumer_Services
GNLN,Miscellaneous
GNOG,Consumer_Services
GNPX,Health_Care
GNRC,Consumer_Durables
GNSS,Capital_Goods
GNT,Finance
GNTX,Capital_Goods
GNTY,Finance
GNUS,Consumer_Services
GNW,Finance
GO,Consumer_Non-Durables
GOCO,Finance
GOF,Finance
GOGL,Transportation
GOGO,Consumer_Services
GOL,Transportation
GOLF,Consumer_Non-Durables
GOOD,Consumer_Services
GOOG,Technology
GOOGL,Technology
GOSS,Health_Care
GOTU,Consumer_Services
GP,Capital_Goods
GPAC,Finance
GPC,Capital_Goods
GPI,Consumer_Services
GPK,Basic_Industries
GPM,Finance
GPMT,Consumer_Services
GPN,Miscellaneous
GPOR,Energy
GPRE,Basic_Industries
GPRK,Energy
GPRO,Miscellaneous
GPS,Consumer_Services
GPX,Miscellaneous
GRA,Basic_Industries
GRAY,Health_Care
GRBK,Capital_Goods
GRC,Capital_Goods
GRCL,Health_Care
GRCY,Finance
GRFS,Health_Care
GRIN,Transportation
GRMN,Capital_Goods
GROW,Finance
GRPH,Consumer_Durables
GRPN,Technology
GRTS,Health_Care
GRTX,Consumer_Durables
GRVI,Health_Care
GRWG,Consumer_Services
GRX,Finance
GS,Finance
GSAQ,Finance
GSBC,Finance
GSBD,Finance
GSHD,Finance
GSIT,Technology
GSK,Health_Care
GSKY,Technology
GSL,Transportation
GSM,Basic_Industries
GSMG,Technology
GSQD,Finance
GT,Consumer_Durables
GTBP,Health_Care
GTEC,Finance
GTES,Capital_Goods
GTH,Health_Care
GTHX,Health_Care
GTIM,Consumer_Services
GTLS,Technology
GTN,Consumer_Services
GTS,Finance
GTX,Capital_Goods
GTY,Consumer_Services
GTYH,Technology
GUT,Finance
GVA,Capital_Goods
GWB,Finance
GWGH,Finance
GWRE,Technology
GWRS,Public_Utilities
GWW,Consumer_Non-Durables
GXO,Consumer_Services
H,Consumer_Services
HA,Transportation
HAE,Health_Care
HAFC,Finance
HAIN,Capital_Goods
HAL,Energy
HALL,Finance
HALO,Health_Care
HARP,Health_Care
HAS,Consumer_Non-Durables
HASI,Consumer_Services
HAYW,Technology
HBAN,Finance
HBB,Capital_Goods
HBCP,Finance
HBI,Consumer_Non-Durables
HBIO,Capital_Goods
HBMD,Finance
HBNC,Finance
HBP,Capital_Goods
HBT,Finance
HCA,Health_Care
HCAQ,Finance
HCAT,Health_Care
HCCI,Public_Utilities
HCHC,Public_Utilities
HCI,Finance
HCKT,Technology
HCM,Health_Care
HCSG,Health_Care
HCWB,Health_Care
HD,Consumer_Services
HDB,Finance
HDSN,Basic_Industries
HEAR,Consumer_Non-Durables
HEES,Technology
HEI,Capital_Goods
HELE,Consumer_Durables
HEPA,Health_Care
HEQ,Finance
HES,Energy
HESM,Energy
HFBL,Finance
HFC,Energy
HFFG,Consumer_Non-Durables
HFRO,Finance
HFWA,Finance
HGBL,Finance
HGEN,Health_Care
HGLB,Finance
HGV,Consumer_Services
HHC,Consumer_Services
HHLA,Finance
HHR,Technology
HI,Miscellaneous
HIBB,Consumer_Services
HIE,Finance
HIFS,Finance
HIG,Finance
HIGA,Finance
HII,Capital_Goods
HIL,Consumer_Services
HIMS,Consumer_Non-Durables
HIMX,Technology
HIO,Finance
HIVE,Technology
HIW,Consumer_Services
HIX,Finance
HJLI,Health_Care
HKIB,Finance
HL,Basic_Industries
HLBZ,Consumer_Services
HLF,Health_Care
HLG,Consumer_Services
HLI,Finance
HLIO,Capital_Goods
HLIT,Technology
HLLY,Capital_Goods
HLMN,Capital_Goods
HLNE,Finance
HLT,Consumer_Services
HLX,Energy
HLXA,Finance
HMC,Capital_Goods
HMHC,Miscellaneous
HMLP,Transportation
HMN,Finance
HMNF,Finance
HMPT,Finance
HMST,Finance
HMTV,Consumer_Services
HMY,Basic_Industries
HNGR,Health_Care
HNI,Consumer_Durables
HNNA,Finance
HNP,Public_Utilities
HNRG,Energy
HNST,Consumer_Non-Durables
HOFT,Consumer_Durables
HOFV,Consumer_Services
HOG,Consumer_Non-Durables
HOLI,Capital_Goods
HOLX,Health_Care
HOMB,Finance
HON,Capital_Goods
HONE,Finance
HOOD,Technology
HOOK,Health_Care
HOPE,Finance
HOV,Capital_Goods
HOWL,Health_Care
HP,Energy
HPE,Capital_Goods
HPF,Finance
HPI,Finance
HPK,Energy
HPP,Consumer_Services
HPQ,Technology
HPS,Finance
HPX,Finance
HQH,Finance
HQI,Technology
HQL,Finance
HQY,Health_Care
HR,Consumer_Services
HRB,Miscellaneous
HRC,Health_Care
HRI,Technology
HRL,Consumer_Non-Durables
HRMY,Health_Care
HROW,Health_Care
HRTG,Finance
HRTX,Consumer_Durables
HRZN,Finance
HSAQ,Finance
HSBC,Finance
HSC,Capital_Goods
HSIC,Health_Care
HSII,Technology
HST,Consumer_Services
HSTM,Miscellaneous
HSY,Consumer_Non-Durables
HT,Consumer_Services
HTA,Consumer_Services
HTBI,Finance
HTBK,Finance
HTBX,Health_Care
HTD,Finance
HTGC,Finance
HTH,Finance
HTHT,Consumer_Services
HTLD,Transportation
HTLF,Finance
HTOO,Public_Utilities
HTPA,Finance
HTY,Finance
HUBB,Capital_Goods
HUBG,Transportation
HUBS,Technology
HUDI,Basic_Industries
HUIZ,Finance
HUM,Health_Care
HUMA,Health_Care
HUN,Basic_Industries
HURC,Basic_Industries
HURN,Consumer_Services
HUYA,Consumer_Services
HVT,Consumer_Services
HWBK,Finance
HWC,Finance
HWKN,Basic_Industries
HWM,Capital_Goods
HXL,Capital_Goods
HY,Capital_Goods
HYB,Finance
HYFM,Capital_Goods
HYI,Finance
HYLN,Capital_Goods
HYMC,Basic_Industries
HYRE,Miscellaneous
HYT,Finance
HYW,Finance
HYZN,Capital_Goods
HZAC,Finance
HZN,Capital_Goods
HZNP,Health_Care
HZO,Consumer_Services
HZON,Finance
IAA,Miscellaneous
IAC,Consumer_Services
IACB,Finance
IAE,Finance
IART,Health_Care
IAS,Technology
IBA,Consumer_Non-Durables
IBCP,Finance
IBEX,Technology
IBKR,Finance
IBM,Technology
IBN,Finance
IBOC,Finance
IBP,Capital_Goods
IBRX,Health_Care
IBTX,Finance
ICAD,Health_Care
ICBK,Finance
ICCC,Health_Care
ICCH,Finance
ICE,Finance
ICFI,Consumer_Services
ICHR,Technology
ICL,Basic_Industries
ICLK,Technology
ICLR,Health_Care
ICMB,Finance
ICPT,Health_Care
ICUI,Health_Care
ICVX,Health_Care
IDA,Public_Utilities
IDBA,Miscellaneous
IDCC,Public_Utilities
IDE,Finance
IDEX,Technology
IDN,Technology
IDRA,Health_Care
IDT,Public_Utilities
IDXX,Health_Care
IDYA,Health_Care
IEA,Basic_Industries
IEC,Technology
IESC,Capital_Goods
IEX,Capital_Goods
IFF,Basic_Industries
IFN,Finance
IFRX,Health_Care
IFS,Finance
IGA,Finance
IGD,Finance
IGI,Finance
IGIC,Finance
IGMS,Health_Care
IGR,Finance
IGT,Consumer_Services
IH,Consumer_Services
IHC,Finance
IHD,Finance
IHG,Consumer_Services
IHIT,Finance
IHRT,Consumer_Services
IHTA,Finance
IIAC,Finance
IIF,Finance
III,Technology
IIIV,Technology
IIM,Finance
IIN,Health_Care
IIPR,Consumer_Services
IIVI,Capital_Goods
IKNA,Health_Care
IKNX,Miscellaneous
IKT,Health_Care
ILMN,Health_Care
ILPT,Consumer_Services
IMAB,Health_Care
IMBI,Consumer_Services
IMCR,Health_Care
IMGN,Health_Care
IMGO,Health_Care
IMKTA,Consumer_Services
IMMP,Health_Care
IMMR,Technology
IMNM,Consumer_Durables
IMOS,Technology
IMPL,Health_Care
IMPX,Finance
IMRA,Health_Care
IMRX,Health_Care
IMTX,Health_Care
IMUX,Health_Care
IMVT,Health_Care
IMXI,Technology
INAB,Health_Care
INBK,Finance
INBX,Health_Care
INCY,Health_Care
INDB,Finance
INDI,Technology
INDP,Health_Care
INDT,Finance
INFI,Health_Care
INFN,Public_Utilities
INFO,Miscellaneous
INFY,Technology
ING,Finance
INGN,Health_Care
INGR,Consumer_Non-Durables
INMB,Health_Care
INMD,Health_Care
INN,Consumer_Services
INNV,Health_Care
INO,Health_Care
INOD,Technology
INOV,Technology
INPX,Technology
INS,Technology
INSG,Capital_Goods
INSI,Finance
INSM,Health_Care
INSP,Health_Care
INST,Technology
INSW,Transportation
INT,Energy
INTA,Technology
INTC,Technology
INTG,Consumer_Services
INTU,Technology
INTZ,Miscellaneous
INVA,Health_Care
INVE,Technology
INVH,Consumer_Services
INVZ,Capital_Goods
INZY,Health_Care
IONS,Health_Care
IOSP,Basic_Industries
IOVA,Health_Care
IP,Basic_Industries
IPAR,Consumer_Non-Durables
IPG,Technology
IPGP,Technology
IPHA,Health_Care
IPI,Basic_Industries
IPOD,Finance
IPOF,Finance
IPSC,Consumer_Durables
IPW,Consumer_Services
IPWR,Capital_Goods
IQ,Technology
IQI,Finance
IQV,Health_Care
IR,Capital_Goods
IRCP,Consumer_Services
IRDM,Consumer_Services
IRIX,Health_Care
IRL,Finance
IRM,Consumer_Services
IRMD,Health_Care
IRNT,Technology
IROQ,Finance
IRS,Consumer_Services
IRT,Consumer_Services
IRTC,Health_Care
IRWD,Health_Care
ISBC,Finance
ISD,Finance
ISEE,Health_Care
ISRG,Health_Care
ISSC,Capital_Goods
ISTR,Finance
ISUN,Technology
IT,Finance
ITCB,Finance
ITCI,Health_Care
ITGR,Health_Care
ITHX,Finance
ITI,Capital_Goods
ITIC,Finance
ITMR,Health_Care
ITOS,Consumer_Durables
ITQ,Finance
ITRI,Capital_Goods
ITRM,Health_Care
ITRN,Technology
ITT,Capital_Goods
ITUB,Finance
ITW,Capital_Goods
IVA,Consumer_Services
IVAN,Finance
IVC,Health_Care
IVH,Finance
IVR,Consumer_Services
IVZ,Finance
IX,Finance
IZEA,Technology
J,Capital_Goods
JACK,Consumer_Services
JAGX,Health_Care
JAKK,Consumer_Non-Durables
JAMF,Technology
JANX,Health_Care
JAX,Consumer_Services
JAZZ,Health_Care
JBGS,Consumer_Services
JBHT,Transportation
JBL,Technology
JBLU,Transportation
JBSS,Consumer_Non-Durables
JBT,Capital_Goods
JCE,Finance
JCI,Capital_Goods
JCIC,Finance
JCO,Finance
JCOM,Technology
JCS,Public_Utilities
JD,Miscellaneous
JDD,Finance
JEF,Finance
JEMD,Finance
JEQ,Finance
JFIN,Finance
JFR,Finance
JFU,Finance
JG,Technology
JGH,Finance
JHAA,Finance
JHB,Finance
JHG,Finance
JHI,Finance
JHS,Finance
JHX,Capital_Goods
JILL,Consumer_Services
JJSF,Consumer_Non-Durables
JKHY,Technology
JKS,Technology
JLL,Finance
JLS,Finance
JMIA,Consumer_Services
JMM,Finance
JMP,Finance
JNCE,Health_Care
JNJ,Health_Care
JNPR,Technology
JOAN,Consumer_Non-Durables
JOBS,Technology
JOBY,Transportation
JOE,Consumer_Services
JOF,Finance
JOUT,Consumer_Non-Durables
JPC,Finance
JPI,Finance
JPM,Finance
JPS,Finance
JPT,Finance
JQC,Finance
JRI,Finance
JRO,Finance
JRS,Finance
JRSH,Basic_Industries
JRVR,Finance
JSD,Finance
JTA,Finance
JTD,Finance
JWEL,Consumer_Services
JWN,Consumer_Services
JWSM,Finance
JZXN,Consumer_Durables
K,Consumer_Non-Durables
KAI,Technology
KAII,Finance
KAIR,Finance
KALA,Health_Care
KALU,Basic_Industries
KALV,Health_Care
KAMN,Capital_Goods
KARO,Technology
KAVL,Consumer_Non-Durables
KB,Finance
KBAL,Consumer_Durables
KBR,Capital_Goods
KC,Technology
KDMN,Health_Care
KDNY,Health_Care
KDP,Consumer_Non-Durables
KE,Capital_Goods
KELYA,Technology
KELYB,Technology
KEN,Public_Utilities
KEP,Consumer_Durables
KEX,Transportation
KEY,Finance
KEYS,Capital_Goods
KF,Finance
KFFB,Finance
KFRC,Technology
KFY,Technology
KHC,Consumer_Non-Durables
KIDS,Health_Care
KIII,Finance
KIM,Consumer_Services
KINS,Finance
KIO,Finance
KIRK,Miscellaneous
KKR,Finance
KLAC,Capital_Goods
KLDO,Health_Care
KLIC,Technology
KLR,Technology
KLTR,Technology
KMB,Basic_Industries
KMDA,Health_Care
KMF,Finance
KMI,Public_Utilities
KMPH,Health_Care
KMPR,Finance
KMT,Capital_Goods
KMX,Consumer_Services
KN,Consumer_Non-Durables
KNBE,Technology
KNDI,Capital_Goods
KNOP,Transportation
KNSA,Health_Care
KNSL,Finance
KNTE,Health_Care
KNX,Transportation
KO,Consumer_Non-Durables
KOD,Health_Care
KODK,Miscellaneous
KOF,Consumer_Non-Durables
KOP,Basic_Industries
KOPN,Capital_Goods
KOS,Energy
KOSS,Consumer_Non-Durables
KPLT,Technology
KPTI,Miscellaneous
KR,Consumer_Services
KRA,Basic_Industries
KRBP,Consumer_Durables
KRC,Consumer_Services
KREF,Consumer_Services
KRG,Consumer_Services
KRKR,Miscellaneous
KRMD,Health_Care
KRNL,Finance
KRNT,Capital_Goods
KRNY,Finance
KRO,Basic_Industries
KRON,Consumer_Durables
KROS,Consumer_Durables
KRP,Energy
KRT,Capital_Goods
KRTX,Health_Care
KRUS,Consumer_Services
KRYS,Health_Care
KSM,Finance
KSS,Consumer_Services
KSU,Transportation
KT,Public_Utilities
KTCC,Technology
KTF,Finance
KTOS,Consumer_Non-Durables
KUKE,Consumer_Services
KURA,Health_Care
KVHI,Technology
KW,Consumer_Services
KWR,Basic_Industries
KXIN,Finance
KYMR,Consumer_Durables
KYN,Finance
KZIA,Health_Care
KZR,Health_Care
L,Finance
LABP,Consumer_Durables
LAD,Consumer_Services
LADR,Consumer_Services
LAMR,Consumer_Services
LANC,Consumer_Non-Durables
LAND,Consumer_Services
LANDM,Consumer_Services
LARK,Finance
LASR,Technology
LATN,Finance
LAUR,Miscellaneous
LAW,Technology
LAWS,Capital_Goods
LAZ,Finance
LAZR,Technology
LAZY,Consumer_Services
LBAI,Finance
LBC,Finance
LBPH,Health_Care
LBPS,Health_Care
LBRDA,Consumer_Services
LBRDK,Consumer_Services
LBRT,Energy
LBTYA,Consumer_Services
LBTYB,Consumer_Services
LBTYK,Consumer_Services
LC,Finance
LCAA,Finance
LCI,Health_Care
LCID,Capital_Goods
LCII,Capital_Goods
LCNB,Finance
LCUT,Consumer_Durables
LDHA,Finance
LDI,Finance
LDL,Technology
LDOS,Technology
LDP,Finance
LE,Consumer_Services
LEA,Capital_Goods
LEAP,Finance
LECO,Capital_Goods
LEE,Consumer_Services
LEG,Consumer_Durables
LEGA,Finance
LEGH,Basic_Industries
LEGN,Health_Care
LEJU,Finance
LEN,Consumer_Services
LEO,Finance
LESL,Consumer_Services
LEVI,Basic_Industries
LFC,Finance
LFMD,Miscellaneous
LFST,Health_Care
LFT,Consumer_Services
LFUS,Technology
LFVN,Consumer_Non-Durables
LGAC,Finance
LGIH,Capital_Goods
LGND,Health_Care
LGVN,Consumer_Durables
LH,Health_Care
LHC,Finance
LHCG,Health_Care
LHDX,Health_Care
LHX,Capital_Goods
LI,Capital_Goods
LIDR,Capital_Goods
LIFE,Health_Care
LII,Capital_Goods
LILA,Consumer_Services
LILAK,Consumer_Services
LIN,Basic_Industries
LINC,Miscellaneous
LINK,Capital_Goods
LIQT,Capital_Goods
LITB,Consumer_Services
LITE,Technology
LIVE,Capital_Goods
LIVN,Health_Care
LIVX,Consumer_Services
LIZI,Technology
LJPC,Health_Care
LKCO,Technology
LKFN,Finance
LKQ,Capital_Goods
LL,Consumer_Services
LLY,Health_Care
LMAT,Health_Care
LMB,Consumer_Services
LMND,Finance
LMRK,Consumer_Services
LMST,Finance
LMT,Capital_Goods
LNC,Finance
LNDC,Consumer_Non-Durables
LNFA,Finance
LNN,Capital_Goods
LNSR,Health_Care
LNT,Public_Utilities
LNTH,Health_Care
LOAN,Consumer_Services
LOB,Finance
LOCO,Consumer_Services
LOGC,Health_Care
LOGI,Technology
LOMA,Capital_Goods
LOPE,Miscellaneous
LORL,Public_Utilities
LOTZ,Consumer_Services
LOW,Consumer_Services
LPCN,Health_Care
LPG,Transportation
LPI,Energy
LPL,Capital_Goods
LPLA,Finance
LPRO,Finance
LPSN,Technology
LPTH,Capital_Goods
LPTX,Health_Care
LQDA,Health_Care
LQDT,Consumer_Services
LRCX,Technology
LRFC,Finance
LRMR,Health_Care
LRN,Miscellaneous
LSBK,Finance
LSCC,Technology
LSI,Consumer_Services
LSTR,Transportation
LSXMA,Consumer_Services
LSXMB,Consumer_Services
LSXMK,Consumer_Services
LTC,Consumer_Services
LTCH,Technology
LTHM,Basic_Industries
LTRN,Health_Care
LTRX,Capital_Goods
LU,Finance
LUB,Consumer_Services
LUMN,Public_Utilities
LUMO,Health_Care
LUNA,Health_Care
LUNG,Health_Care
LUV,Transportation
LVOX,Technology
LVRA,Finance
LVS,Consumer_Services
LVTX,Health_Care
LW,Consumer_Non-Durables
LWAY,Consumer_Non-Durables
LWLG,Consumer_Non-Durables
LX,Finance
LXEH,Consumer_Services
LXP,Consumer_Services
LXRX,Health_Care
LXU,Basic_Industries
LYB,Basic_Industries
LYEL,Health_Care
LYFT,Technology
LYG,Finance
LYRA,Consumer_Durables
LYTS,Consumer_Durables
LYV,Consumer_Services
LZ,Technology
LZB,Consumer_Durables
M,Consumer_Services
MA,Miscellaneous
MAA,Consumer_Services
MAC,Consumer_Services
MACA,Finance
MACK,Health_Care
MAGS,Capital_Goods
MAIN,Finance
MAN,Technology
MANH,Technology
MANT,Technology
MANU,Consumer_Services
MAPS,Technology
MAR,Consumer_Services
MARA,Finance
MARK,Consumer_Services
MAS,Capital_Goods
MASI,Health_Care
MASS,Health_Care
MAT,Consumer_Non-Durables
MATX,Transportation
MAV,Finance
MAX,Capital_Goods
MAXN,Finance
MAXR,Capital_Goods
MAYS,Consumer_Services
MBCN,Finance
MBI,Finance
MBII,Basic_Industries
MBIN,Finance
MBIO,Health_Care
MBRX,Health_Care
MBT,Public_Utilities
MBTC,Finance
MBUU,Consumer_Non-Durables
MBWM,Finance
MC,Finance
MCA,Finance
MCB,Finance
MCBC,Finance
MCBS,Finance
MCD,Consumer_Services
MCFE,Technology
MCFT,Consumer_Non-Durables
MCG,Consumer_Services
MCHP,Technology
MCHX,Miscellaneous
MCI,Finance
MCK,Health_Care
MCO,Technology
MCR,Finance
MCRB,Health_Care
MCRI,Consumer_Services
MCS,Consumer_Services
MCY,Finance
MD,Health_Care
MDB,Technology
MDC,Capital_Goods
MDGL,Health_Care
MDIA,Consumer_Services
MDJH,Finance
MDLA,Technology
MDLZ,Consumer_Non-Durables
MDP,Consumer_Services
MDRX,Technology
MDT,Health_Care
MDU,Capital_Goods
MDVL,Health_Care
MDWD,Health_Care
MDWT,Finance
MDXG,Health_Care
ME,Health_Care
MEC,Capital_Goods
MED,Miscellaneous
MEDP,Health_Care
MEI,Capital_Goods
MEIP,Health_Care
MELI,Consumer_Services
MERC,Basic_Industries
MESA,Transportation
MESO,Health_Care
MET,Finance
METC,Energy
MFA,Consumer_Services
MFC,Technology
MFD,Finance
MFG,Finance
MFGP,Technology
MFIN,Finance
MFL,Finance
MFM,Finance
MG,Miscellaneous
MGA,Capital_Goods
MGF,Finance
MGI,Miscellaneous
MGIC,Technology
MGLN,Health_Care
MGM,Consumer_Services
MGNI,Technology
MGNX,Health_Care
MGP,Consumer_Services
MGRC,Technology
MGTA,Health_Care
MGTX,Health_Care
MGU,Finance
MGY,Energy
MGYR,Finance
MHD,Finance
MHF,Finance
MHI,Finance
MHK,Consumer_Durables
MHLD,Finance
MHN,Finance
MHO,Capital_Goods
MIC,Transportation
MICT,Technology
MIDD,Capital_Goods
MILE,Finance
MIME,Technology
MIN,Finance
MINM,Consumer_Services
MIRM,Health_Care
MIRO,Health_Care
MITC,Consumer_Non-Durables
MITK,Technology
MITO,Health_Care
MITT,Consumer_Services
MIXT,Technology
MIY,Finance
MKC,Consumer_Non-Durables
MKFG,Technology
MKL,Finance
MKSI,Capital_Goods
MKTW,Technology
MKTX,Finance
MKTY,Capital_Goods
MLAB,Capital_Goods
MLAC,Finance
MLCO,Consumer_Services
MLHR,Capital_Goods
MLI,Basic_Industries
MLM,Capital_Goods
MLP,Finance
MLR,Capital_Goods
MLVF,Finance
MMAT,Technology
MMC,Finance
MMD,Finance
MMI,Finance
MMLP,Energy
MMM,Health_Care
MMMB,Consumer_Non-Durables
MMP,Energy
MMS,Miscellaneous
MMSI,Health_Care
MMT,Finance
MMU,Finance
MMYT,Technology
MN,Finance
MNDO,Technology
MNKD,Health_Care
MNOV,Health_Care
MNP,Finance
MNPR,Health_Care
MNR,Consumer_Services
MNRL,Energy
MNSB,Finance
MNSO,Consumer_Services
MNST,Consumer_Non-Durables
MNTV,Technology
MNTX,Consumer_Durables
MO,Consumer_Non-Durables
MOD,Capital_Goods
MODN,Technology
MOFG,Finance
MOGU,Miscellaneous
MOH,Health_Care
MOMO,Technology
MOR,Health_Care
MORF,Health_Care
MORN,Technology
MOS,Basic_Industries
MOTV,Finance
MOV,Consumer_Non-Durables
MOVE,Health_Care
MP,Basic_Industries
MPA,Finance
MPAA,Capital_Goods
MPAC,Finance
MPB,Finance
MPC,Energy
MPLN,Health_Care
MPLX,Energy
MPV,Finance
MPW,Consumer_Services
MPWR,Technology
MPX,Consumer_Non-Durables
MQ,Technology
MQT,Finance
MQY,Finance
MRAC,Miscellaneous
MRAM,Technology
MRBK,Finance
MRC,Capital_Goods
MRCC,Finance
MREO,Health_Care
MRIN,Technology
MRK,Health_Care
MRKR,Health_Care
MRLN,Finance
MRNA,Health_Care
MRNS,Health_Care
MRO,Energy
MRSN,Health_Care
MRTN,Transportation
MRTX,Health_Care
MRUS,Health_Care
MRVI,Health_Care
MRVL,Technology
MS,Finance
MSA,Miscellaneous
MSAC,Finance
MSB,Basic_Industries
MSBI,Finance
MSC,Consumer_Services
MSCI,Technology
MSD,Finance
MSDA,Finance
MSEX,Public_Utilities
MSFT,Technology
MSGE,Consumer_Services
MSGS,Consumer_Services
MSI,Technology
MSM,Capital_Goods
MSON,Health_Care
MSP,Technology
MSTR,Technology
MT,Basic_Industries
MTB,Finance
MTBC,Health_Care
MTCR,Consumer_Durables
MTD,Health_Care
MTDR,Energy
MTEM,Health_Care
MTEX,Consumer_Durables
MTG,Finance
MTH,Capital_Goods
MTL,Basic_Industries
MTLS,Technology
MTN,Consumer_Services
MTOR,Capital_Goods
MTRX,Consumer_Services
MTSI,Technology
MTTR,Technology
MTW,Capital_Goods
MTX,Basic_Industries
MTZ,Basic_Industries
MU,Technology
MUA,Finance
MUC,Finance
MUE,Finance
MUFG,Finance
MUI,Finance
MUJ,Finance
MUR,Energy
MUSA,Public_Utilities
MUX,Basic_Industries
MVBF,Finance
MVF,Finance
MVIS,Capital_Goods
MVO,Energy
MVST,Capital_Goods
MVT,Finance
MWA,Capital_Goods
MX,Technology
MXCT,Health_Care
MXF,Finance
MXL,Technology
MYC,Finance
MYD,Finance
MYE,Capital_Goods
MYFW,Finance
MYGN,Health_Care
MYI,Finance
MYJ,Finance
MYMD,Consumer_Durables
MYN,Finance
MYOV,Health_Care
MYPS,Technology
MYRG,Basic_Industries
MYTE,Consumer_Services
NAAC,Finance
NABL,Technology
NAC,Finance
NAD,Finance
NAII,Consumer_Non-Durables
NAKD,Basic_Industries
NAN,Finance
NAOV,Health_Care
NAPA,Consumer_Non-Durables
NARI,Health_Care
NAT,Transportation
NATH,Consumer_Services
NATI,Technology
NATR,Health_Care
NAUT,Health_Care
NAVI,Finance
NAZ,Finance
NBB,Finance
NBEV,Consumer_Non-Durables
NBHC,Finance
NBIX,Health_Care
NBN,Finance
NBR,Energy
NBRV,Health_Care
NBSE,Health_Care
NBTB,Finance
NBTX,Health_Care
NCA,Finance
NCBS,Finance
NCLH,Transportation
NCMI,Technology
NCNA,Health_Care
NCNO,Technology
NCR,Miscellaneous
NCSM,Energy
NCTY,Technology
NCV,Finance
NCZ,Finance
NDAQ,Finance
NDLS,Consumer_Services
NDMO,Finance
NDRA,Health_Care
NDSN,Capital_Goods
NE,Energy
NEA,Finance
NECB,Finance
NEE,Public_Utilities
NEM,Basic_Industries
NEO,Health_Care
NEOG,Health_Care
NEON,Capital_Goods
NEP,Public_Utilities
NEPH,Health_Care
NERV,Health_Care
NESR,Energy
NET,Technology
NETE,Technology
NETI,Transportation
NEU,Basic_Industries
NEV,Finance
NEWR,Technology
NEWT,Finance
NEX,Energy
NEXA,Basic_Industries
NEXI,Consumer_Durables
NEXT,Energy
NFBK,Finance
NFE,Public_Utilities
NFG,Energy
NFH,Health_Care
NFJ,Finance
NFLX,Consumer_Services
NGCA,Finance
NGG,Public_Utilities
NGM,Health_Care
NGMS,Consumer_Services
NGS,Energy
NGVC,Consumer_Services
NGVT,Basic_Industries
NH,Health_Care
NHF,Finance
NHI,Consumer_Services
NHTC,Miscellaneous
NI,Public_Utilities
NICE,Technology
NID,Finance
NIE,Finance
NIM,Finance
NINE,Energy
NIO,Capital_Goods
NIQ,Finance
NISN,Capital_Goods
NIU,Capital_Goods
NJR,Public_Utilities
NKE,Consumer_Non-Durables
NKG,Finance
NKLA,Capital_Goods
NKSH,Finance
NKTR,Health_Care
NKTX,Health_Care
NKX,Finance
NL,Consumer_Services
NLOK,Technology
NLS,Consumer_Non-Durables
NLSN,Miscellaneous
NLTX,Health_Care
NLY,Consumer_Services
NM,Transportation
NMCO,Finance
NMFC,Finance
NMI,Finance
NMIH,Finance
NMM,Transportation
NMR,Finance
NMRD,Health_Care
NMRK,Finance
NMS,Finance
NMT,Finance
NMTC,Health_Care
NMTR,Health_Care
NMZ,Finance
NNA,Transportation
NNDM,Technology
NNI,Finance
NNN,Consumer_Services
NNOX,Health_Care
NNY,Finance
NOAH,Finance
NOC,Miscellaneous
NODK,Finance
NOK,Technology
NOMD,Consumer_Non-Durables
NOTV,Health_Care
NOV,Energy
NOVA,Public_Utilities
NOVN,Health_Care
NOW,Technology
NP,Basic_Industries
NPCE,Health_Care
NPK,Consumer_Non-Durables
NPTN,Technology
NPV,Finance
NQP,Finance
NR,Energy
NRAC,Finance
NRBO,Health_Care
NRC,Health_Care
NREF,Consumer_Services
NRG,Public_Utilities
NRGX,Finance
NRIM,Finance
NRIX,Health_Care
NRK,Finance
NRP,Energy
NRT,Energy
NRXP,Health_Care
NRZ,Consumer_Services
NSA,Consumer_Services
NSC,Transportation
NSIT,Technology
NSL,Finance
NSP,Technology
NSSC,Miscellaneous
NSTG,Health_Care
NTAP,Technology
NTB,Finance
NTCO,Consumer_Non-Durables
NTCT,Technology
NTES,Miscellaneous
NTG,Finance
NTGR,Public_Utilities
NTIC,Basic_Industries
NTLA,Health_Care
NTNX,Technology
NTP,Capital_Goods
NTR,Capital_Goods
NTRA,Health_Care
NTRS,Finance
NTST,Consumer_Services
NTUS,Health_Care
NTZ,Consumer_Durables
NUAN,Technology
NUE,Basic_Industries
NUO,Finance
NURO,Health_Care
NUS,Health_Care
NUV,Finance
NUVA,Health_Care
NUVB,Health_Care
NUVL,Health_Care
NUW,Finance
NUZE,Consumer_Non-Durables
NVAX,Health_Care
NVCR,Health_Care
NVDA,Technology
NVEC,Technology
NVEE,Consumer_Services
NVG,Finance
NVGS,Transportation
NVMI,Capital_Goods
NVO,Health_Care
NVR,Capital_Goods
NVRO,Health_Care
NVS,Health_Care
NVSA,Finance
NVST,Health_Care
NVT,Capital_Goods
NVTA,Health_Care
NVVE,Energy
NWBI,Finance
NWE,Public_Utilities
NWFL,Finance
NWG,Finance
NWL,Consumer_Non-Durables
NWLI,Finance
NWN,Public_Utilities
NWPX,Basic_Industries
NWS,Consumer_Services
NWSA,Consumer_Services
NX,Basic_Industries
NXC,Finance
NXGN,Health_Care
NXJ,Finance
NXN,Finance
NXP,Finance
NXPI,Technology
NXQ,Finance
NXR,Finance
NXRT,Consumer_Services
NXST,Consumer_Services
NXTC,Health_Care
NXTP,Technology
NYC,Consumer_Services
NYCB,Finance
NYMT,Consumer_Services
NYMX,Health_Care
NYT,Consumer_Services
NZF,Finance
O,Consumer_Services
OACB,Finance
OAS,Energy
OB,Capital_Goods
OBAS,Consumer_Services
OBLG,Technology
OBNK,Finance
OBSV,Health_Care
OBT,Finance
OCDX,Health_Care
OCFC,Finance
OCFT,Technology
OCG,Consumer_Services
OCGN,Health_Care
OCN,Finance
OCSL,Finance
OCUL,Health_Care
OCUP,Health_Care
OCX,Health_Care
ODC,Basic_Industries
ODFL,Transportation
ODP,Miscellaneous
ODT,Health_Care
OEC,Basic_Industries
OESX,Consumer_Durables
OFC,Consumer_Services
OFED,Finance
OFG,Finance
OFIX,Health_Care
OFLX,Capital_Goods
OFS,Finance
OG,Consumer_Services
OGE,Public_Utilities
OGN,Health_Care
OGS,Public_Utilities
OHI,Consumer_Services
OI,Consumer_Durables
OIA,Finance
OII,Energy
OIIM,Technology
OIS,Energy
OKE,Public_Utilities
OKTA,Technology
OLED,Technology
OLK,Capital_Goods
OLLI,Consumer_Services
OLMA,Health_Care
OLN,Basic_Industries
OLO,Technology
OLP,Consumer_Services
OM,Health_Care
OMAB,Transportation
OMC,Technology
OMCL,Health_Care
OMEG,Finance
OMER,Health_Care
OMEX,Consumer_Services
OMF,Finance
OMGA,Health_Care
OMI,Health_Care
OMIC,Health_Care
OMP,Energy
OMQS,Technology
ON,Technology
ONB,Finance
ONCR,Consumer_Durables
ONCS,Health_Care
ONCT,Health_Care
ONDS,Capital_Goods
ONE,Miscellaneous
ONEM,Technology
ONEW,Basic_Industries
ONTF,Technology
ONTO,Technology
ONTX,Health_Care
ONVO,Health_Care
OOMA,Consumer_Services
OPAD,Finance
OPBK,Finance
OPCH,Health_Care
OPEN,Finance
OPFI,Technology
OPGN,Health_Care
OPI,Consumer_Services
OPK,Health_Care
OPNT,Health_Care
OPOF,Finance
OPP,Finance
OPRA,Technology
OPRT,Finance
OPRX,Health_Care
OPT,Health_Care
OPTN,Health_Care
OPY,Finance
ORA,Public_Utilities
ORAN,Public_Utilities
ORC,Consumer_Services
ORCC,Finance
ORCL,Technology
ORGN,Basic_Industries
ORGO,Health_Care
ORGS,Health_Care
ORI,Finance
ORIA,Finance
ORIC,Health_Care
ORLY,Consumer_Services
ORMP,Health_Care
ORN,Capital_Goods
ORPH,Health_Care
ORRF,Finance
ORTX,Health_Care
OSBC,Finance
OSCR,Finance
OSG,Energy
OSH,Health_Care
OSIS,Capital_Goods
OSK,Capital_Goods
OSMT,Health_Care
OSPN,Technology
OSS,Technology
OSTK,Consumer_Services
OSUR,Health_Care
OSW,Consumer_Services
OTIC,Health_Care
OTLK,Health_Care
OTRK,Health_Care
OTTR,Public_Utilities
OUST,Capital_Goods
OUT,Consumer_Services
OVBC,Finance
OVID,Health_Care
OVLY,Finance
OVV,Energy
OWL,Finance
OWLT,Health_Care
OXLC,Finance
OXM,Consumer_Non-Durables
OXSQ,Finance
OXY,Energy
OYST,Health_Care
OZK,Finance
OZON,Consumer_Services
PAA,Energy
PACB,Capital_Goods
PACE,Finance
PACK,Basic_Industries
PACW,Finance
PACX,Finance
PAE,Miscellaneous
PAG,Consumer_Services
PAGP,Energy
PAGS,Technology
PAI,Finance
PAM,Public_Utilities
PANA,Finance
PANL,Transportation
PANW,Technology
PAQC,Finance
PAR,Technology
PARR,Energy
PASG,Health_Care
PATH,Technology
PATK,Consumer_Services
PAVM,Health_Care
PAX,Finance
PAY,Technology
PAYA,Technology
PAYC,Technology
PAYO,Technology
PAYS,Finance
PAYX,Miscellaneous
PB,Finance
PBA,Energy
PBCT,Finance
PBF,Energy
PBFS,Finance
PBH,Health_Care
PBHC,Finance
PBI,Miscellaneous
PBIP,Finance
PBPB,Consumer_Services
PBR,Energy
PBT,Energy
PBYI,Health_Care
PCAR,Capital_Goods
PCB,Finance
PCF,Finance
PCG,Public_Utilities
PCH,Consumer_Services
PCI,Finance
PCK,Finance
PCM,Finance
PCN,Finance
PCOR,Technology
PCQ,Finance
PCRX,Health_Care
PCSA,Health_Care
PCSB,Finance
PCT,Public_Utilities
PCTI,Technology
PCTY,Technology
PCVX,Health_Care
PCYG,Technology
PCYO,Public_Utilities
PD,Technology
PDCE,Energy
PDCO,Health_Care
PDD,Miscellaneous
PDEX,Health_Care
PDFS,Technology
PDI,Finance
PDM,Consumer_Services
PDO,Finance
PDSB,Health_Care
PDT,Finance
PEAK,Consumer_Services
PEB,Consumer_Services
PEBK,Finance
PEBO,Finance
PECO,Consumer_Services
PEG,Public_Utilities
PEGA,Technology
PEI,Consumer_Services
PEN,Health_Care
PENN,Consumer_Services
PEO,Consumer_Services
PEP,Consumer_Non-Durables
PERI,Technology
PESI,Public_Utilities
PETQ,Health_Care
PETS,Health_Care
PETZ,Consumer_Non-Durables
PFBC,Finance
PFBI,Finance
PFC,Finance
PFD,Finance
PFDR,Finance
PFE,Health_Care
PFG,Finance
PFGC,Consumer_Non-Durables
PFHD,Finance
PFIS,Finance
PFL,Finance
PFLT,Finance
PFMT,Miscellaneous
PFN,Finance
PFO,Finance
PFS,Finance
PFSI,Finance
PFSW,Miscellaneous
PFX,Finance
PG,Consumer_Non-Durables
PGC,Finance
PGEN,Health_Care
PGNY,Health_Care
PGP,Finance
PGR,Finance
PGRE,Consumer_Services
PGTI,Capital_Goods
PGZ,Finance
PH,Capital_Goods
PHAR,Health_Care
PHAS,Health_Care
PHAT,Health_Care
PHD,Finance
PHG,Health_Care
PHI,Public_Utilities
PHIC,Finance
PHK,Finance
PHR,Health_Care
PHT,Finance
PHUN,Technology
PHVS,Health_Care
PHX,Energy
PI,Public_Utilities
PIAI,Finance
PII,Consumer_Non-Durables
PIM,Finance
PINC,Health_Care
PINE,Consumer_Services
PING,Technology
PIPR,Finance
PIRS,Health_Care
PJT,Finance
PK,Consumer_Services
PKBK,Finance
PKG,Basic_Industries
PKI,Health_Care
PKO,Finance
PKOH,Capital_Goods
PKX,Basic_Industries
PLAB,Technology
PLAN,Technology
PLAY,Consumer_Services
PLBC,Finance
PLBY,Consumer_Non-Durables
PLCE,Consumer_Services
PLD,Consumer_Services
PLL,Basic_Industries
PLMI,Finance
PLMR,Finance
PLNT,Consumer_Services
PLOW,Capital_Goods
PLPC,Basic_Industries
PLRX,Consumer_Durables
PLSE,Health_Care
PLTK,Technology
PLTR,Technology
PLUG,Consumer_Durables
PLUS,Technology
PLXP,Health_Care
PLXS,Technology
PLYA,Consumer_Services
PLYM,Consumer_Services
PM,Consumer_Non-Durables
PMBC,Finance
PMF,Finance
PML,Finance
PMM,Finance
PMO,Finance
PMT,Consumer_Services
PMTS,Finance
PMVP,Consumer_Durables
PMX,Finance
PNC,Finance
PNF,Finance
PNFP,Finance
PNI,Finance
PNM,Public_Utilities
PNNT,Finance
PNR,Capital_Goods
PNRG,Energy
PNT,Consumer_Durables
PNTG,Health_Care
PNTM,Finance
PNW,Public_Utilities
PODD,Health_Care
POLA,Capital_Goods
POLY,Public_Utilities
POOL,Consumer_Non-Durables
POR,Public_Utilities
POSH,Consumer_Non-Durables
POST,Consumer_Non-Durables
POW,Finance
POWI,Technology
POWL,Consumer_Durables
POWW,Capital_Goods
PPBI,Finance
PPBT,Health_Care
PPC,Consumer_Non-Durables
PPD,Health_Care
PPG,Basic_Industries
PPGH,Finance
PPL,Public_Utilities
PPT,Finance
PRA,Finance
PRAA,Technology
PRAX,Health_Care
PRCH,Technology
PRCT,Health_Care
PRDO,Miscellaneous
PRFT,Technology
PRG,Technology
PRGO,Health_Care
PRGS,Technology
PRI,Finance
PRIM,Basic_Industries
PRLB,Capital_Goods
PRLD,Consumer_Durables
PRMW,Consumer_Non-Durables
PRO,Technology
PROG,Consumer_Durables
PROV,Finance
PRPB,Finance
PRPC,Finance
PRPH,Health_Care
PRPL,Consumer_Durables
PRPO,Capital_Goods
PRQR,Health_Care
PRS,Finance
PRSR,Finance
PRT,Energy
PRTA,Health_Care
PRTC,Finance
PRTG,Health_Care
PRTH,Technology
PRTK,Health_Care
PRTS,Consumer_Services
PRTY,Miscellaneous
PRU,Finance
PRVA,Technology
PRVB,Health_Care
PSA,Consumer_Services
PSB,Consumer_Services
PSEC,Finance
PSF,Finance
PSFE,Miscellaneous
PSMT,Consumer_Services
PSN,Capital_Goods
PSNL,Health_Care
PSO,Consumer_Services
PSTG,Technology
PSTI,Health_Care
PSTL,Consumer_Services
PSTX,Consumer_Durables
PSX,Energy
PSXP,Energy
PTA,Finance
PTC,Technology
PTCT,Health_Care
PTE,Consumer_Durables
PTEN,Energy
PTGX,Health_Care
PTMN,Finance
PTNR,Public_Utilities
PTON,Consumer_Services
PTR,Energy
PTRA,Capital_Goods
PTRS,Finance
PTSI,Transportation
PTVE,Consumer_Durables
PTY,Finance
PUBM,Technology
PUK,Finance
PUMP,Energy
PUYI,Finance
PV,Finance
PVAC,Energy
PVBC,Finance
PVL,Energy
PWFL,Capital_Goods
PWOD,Finance
PWP,Finance
PWR,Capital_Goods
PWSC,Technology
PXD,Energy
PXLW,Technology
PYCR,Technology
PYN,Finance
PYPD,Health_Care
PYPL,Miscellaneous
PZC,Finance
PZN,Finance
PZZA,Consumer_Services
QADA,Technology
QADB,Technology
QCOM,Technology
QCRH,Finance
QD,Technology
QDEL,Health_Care
QFIN,Finance
QGEN,Health_Care
QH,Miscellaneous
QIPT,Capital_Goods
QIWI,Miscellaneous
QLI,Health_Care
QLYS,Technology
QMCO,Technology
QNST,Technology
QQQX,Finance
QRHC,Capital_Goods
QRTEA,Consumer_Services
QRTEB,Consumer_Services
QRVO,Capital_Goods
QS,Capital_Goods
QSI,Health_Care
QTNT,Health_Care
QTRX,Health_Care
QTT,Technology
QTWO,Technology
QUAD,Consumer_Services
QUBT,Technology
QUIK,Technology
QUOT,Technology
QURE,Health_Care
R,Miscellaneous
RA,Finance
RAAS,Technology
RACE,Capital_Goods
RAD,Health_Care
RADI,Consumer_Services
RAIL,Capital_Goods
RAIN,Health_Care
RAM,Finance
RAMP,Technology
RANI,Consumer_Durables
RAPT,Health_Care
RARE,Health_Care
RAVN,Capital_Goods
RBAC,Finance
RBB,Finance
RBBN,Technology
RBC,Consumer_Durables
RBCAA,Finance
RBKB,Finance
RBLX,Technology
RBNC,Finance
RC,Consumer_Services
RCAT,Technology
RCEL,Health_Care
RCII,Technology
RCKT,Health_Care
RCKY,Consumer_Non-Durables
RCM,Consumer_Services
RCMT,Consumer_Services
RCS,Finance
RCUS,Health_Care
RDCM,Technology
RDFN,Finance
RDHL,Health_Care
RDI,Consumer_Services
RDIB,Consumer_Services
RDN,Finance
RDNT,Health_Care
RDUS,Health_Care
RDVT,Technology
RDW,Capital_Goods
RDWR,Technology
RDY,Health_Care
RE,Finance
REAL,Consumer_Services
REED,Consumer_Non-Durables
REFR,Capital_Goods
REG,Consumer_Services
REGI,Basic_Industries
REGN,Health_Care
REKR,Technology
RELL,Technology
RELX,Consumer_Services
RENN,Technology
REPH,Health_Care
REPL,Health_Care
RES,Energy
RESN,Technology
RETA,Health_Care
REV,Consumer_Non-Durables
REVG,Capital_Goods
REX,Basic_Industries
REXR,Consumer_Services
REYN,Capital_Goods
REZI,Miscellaneous
RF,Finance
RFI,Finance
RFIL,Capital_Goods
RFL,Health_Care
RFM,Finance
RFMZ,Finance
RFP,Basic_Industries
RGA,Finance
RGCO,Public_Utilities
RGEN,Health_Care
RGLS,Health_Care
RGNX,Health_Care
RGP,Miscellaneous
RGT,Finance
RH,Consumer_Services
RHI,Technology
RHP,Consumer_Services
RICK,Consumer_Services
RIDE,Capital_Goods
RIG,Energy
RIGL,Health_Care
RILY,Finance
RIO,Basic_Industries
RIOT,Technology
RIV,Finance
RIVE,Finance
RJF,Finance
RKT,Finance
RL,Consumer_Non-Durables
RLAY,Health_Care
RLGY,Finance
RLI,Finance
RLJ,Consumer_Services
RLMD,Health_Care
RLX,Consumer_Non-Durables
RLYB,Health_Care
RM,Finance
RMAX,Finance
RMBL,Capital_Goods
RMBS,Technology
RMD,Health_Care
RMGC,Finance
RMI,Finance
RMM,Finance
RMNI,Technology
RMO,Capital_Goods
RMR,Finance
RMRM,Consumer_Services
RMT,Finance
RMTI,Health_Care
RNA,Health_Care
RNDB,Finance
RNG,Technology
RNGR,Energy
RNLX,Health_Care
RNP,Finance
RNR,Finance
RNST,Finance
RNWK,Technology
RNXT,Health_Care
ROAD,Capital_Goods
ROG,Capital_Goods
ROIC,Consumer_Services
ROK,Capital_Goods
ROKU,Consumer_Services
ROL,Technology
ROLL,Capital_Goods
ROOT,Finance
ROP,Capital_Goods
ROST,Consumer_Services
ROVR,Miscellaneous
RPAI,Consumer_Services
RPAY,Technology
RPD,Technology
RPHM,Health_Care
RPID,Health_Care
RPM,Basic_Industries
RPRX,Health_Care
RPT,Consumer_Services
RQI,Finance
RRBI,Finance
RRC,Energy
RRD,Consumer_Services
RRGB,Consumer_Services
RRR,Consumer_Services
RS,Basic_Industries
RSF,Finance
RSG,Public_Utilities
RSI,Consumer_Services
RSSS,Technology
RSVR,Consumer_Services
RTLR,Energy
RTPY,Finance
RTX,Capital_Goods
RUBY,Health_Care
RUN,Capital_Goods
RUSHA,Consumer_Services
RUSHB,Consumer_Services
RUTH,Consumer_Services
RVI,Consumer_Services
RVLV,Consumer_Services
RVMD,Consumer_Durables
RVNC,Health_Care
RVSB,Finance
RVT,Finance
RWLK,Health_Care
RWT,Consumer_Services
RXDX,Health_Care
RXN,Technology
RXRX,Health_Care
RXST,Health_Care
RXT,Technology
RYAAY,Transportation
RYAM,Basic_Industries
RYB,Miscellaneous
RYI,Capital_Goods
RYN,Consumer_Services
RYTM,Health_Care
RZLT,Health_Care
S,Technology
SABR,Technology
SAFE,Consumer_Services
SAFM,Consumer_Non-Durables
SAFT,Finance
SAGE,Health_Care
SAH,Consumer_Services
SAIA,Transportation
SAIC,Technology
SAIL,Technology
SAL,Finance
SALM,Consumer_Services
SAM,Consumer_Non-Durables
SAMG,Finance
SAN,Finance
SANA,Consumer_Durables
SANM,Technology
SAP,Technology
SAR,Finance
SASR,Finance
SATS,Technology
SAVA,Health_Care
SAVE,Transportation
SB,Transportation
SBAC,Consumer_Services
SBBP,Health_Care
SBCF,Finance
SBFG,Finance
SBGI,Consumer_Services
SBH,Miscellaneous
SBI,Finance
SBLK,Transportation
SBNY,Finance
SBOW,Energy
SBR,Energy
SBRA,Consumer_Services
SBS,Public_Utilities
SBSI,Finance
SBSW,Basic_Industries
SBT,Finance
SBTX,Consumer_Durables
SC,Finance
SCCO,Basic_Industries
SCD,Finance
SCHL,Consumer_Services
SCHN,Basic_Industries
SCHW,Finance
SCI,Miscellaneous
SCL,Consumer_Non-Durables
SCM,Finance
SCOA,Finance
SCOB,Finance
SCOR,Miscellaneous
SCPH,Health_Care
SCPL,Technology
SCPS,Health_Care
SCS,Consumer_Durables
SCSC,Technology
SCU,Finance
SCVL,Consumer_Services
SCVX,Finance
SCWX,Technology
SCX,Consumer_Durables
SCYX,Health_Care
SD,Energy
SDC,Health_Care
SDGR,Technology
SDH,Miscellaneous
SDHY,Finance
SE,Technology
SEAC,Technology
SEAS,Consumer_Services
SECO,Miscellaneous
SEDG,Technology
SEE,Basic_Industries
SEEL,Health_Care
SEER,Consumer_Durables
SEIC,Finance
SELB,Health_Care
SELF,Consumer_Services
SEM,Health_Care
SEMR,Technology
SENEA,Consumer_Non-Durables
SENEB,Consumer_Non-Durables
SERA,Health_Care
SESN,Health_Care
SF,Finance
SFBC,Finance
SFBS,Finance
SFE,Finance
SFIX,Consumer_Services
SFL,Transportation
SFM,Consumer_Non-Durables
SFNC,Finance
SFST,Finance
SFT,Miscellaneous
SFUN,Technology
SGA,Consumer_Services
SGEN,Health_Care
SGFY,Technology
SGH,Technology
SGHT,Health_Care
SGMA,Technology
SGML,Capital_Goods
SGMO,Health_Care
SGMS,Consumer_Services
SGOC,Consumer_Non-Durables
SGRY,Health_Care
SGTX,Consumer_Durables
SGU,Public_Utilities
SHAK,Consumer_Services
SHBI,Finance
SHC,Health_Care
SHCR,Technology
SHEN,Public_Utilities
SHG,Finance
SHI,Basic_Industries
SHLS,Technology
SHLX,Energy
SHO,Consumer_Services
SHOO,Consumer_Non-Durables
SHW,Basic_Industries
SHYF,Capital_Goods
SIBN,Health_Care
SIC,Capital_Goods
SID,Basic_Industries
SIEB,Finance
SIEN,Health_Care
SIFY,Consumer_Services
SIG,Consumer_Services
SIGA,Health_Care
SIGI,Finance
SILC,Technology
SILK,Health_Care
SIMO,Technology
SIOX,Health_Care
SIRI,Consumer_Services
SITC,Consumer_Services
SITM,Technology
SIVB,Finance
SIX,Consumer_Services
SJ,Technology
SJI,Public_Utilities
SJM,Consumer_Non-Durables
SJT,Energy
SJW,Public_Utilities
SKIL,Miscellaneous
SKIN,Consumer_Non-Durables
SKLZ,Technology
SKM,Public_Utilities
SKT,Consumer_Services
SKX,Consumer_Non-Durables
SKY,Basic_Industries
SKYA,Finance
SKYT,Technology
SKYW,Transportation
SLAB,Technology
SLAM,Finance
SLB,Energy
SLCA,Energy
SLCR,Finance
SLCT,Finance
SLDB,Health_Care
SLF,Technology
SLG,Consumer_Services
SLGC,Technology
SLGG,Consumer_Services
SLGL,Basic_Industries
SLGN,Consumer_Durables
SLHG,Miscellaneous
SLM,Finance
SLN,Health_Care
SLNG,Public_Utilities
SLNO,Health_Care
SLP,Technology
SLQT,Finance
SLRC,Finance
SLS,Health_Care
SM,Energy
SMAR,Technology
SMBC,Finance
SMBK,Finance
SMCI,Technology
SMED,Public_Utilities
SMFG,Finance
SMFR,Technology
SMG,Basic_Industries
SMHI,Transportation
SMID,Capital_Goods
SMLP,Energy
SMM,Finance
SMMF,Finance
SMMT,Consumer_Durables
SMP,Capital_Goods
SMPL,Consumer_Non-Durables
SMRT,Technology
SMSI,Technology
SMTC,Technology
SMTI,Health_Care
SNA,Capital_Goods
SNAP,Technology
SNAX,Consumer_Non-Durables
SNBR,Consumer_Durables
SNCR,Technology
SNCY,Transportation
SND,Energy
SNDR,Transportation
SNDX,Health_Care
SNEX,Finance
SNFCA,Finance
SNN,Health_Care
SNOW,Technology
SNP,Energy
SNPO,Consumer_Services
SNPS,Technology
SNR,Consumer_Services
SNSE,Health_Care
SNV,Finance
SNX,Technology
SNY,Health_Care
SO,Public_Utilities
SOFI,Finance
SOFIW,Finance
SOGO,Technology
SOHU,Technology
SOI,Energy
SOL,Technology
SOLO,Capital_Goods
SOLY,Health_Care
SON,Basic_Industries
SONO,Consumer_Services
SONY,Consumer_Non-Durables
SOR,Finance
SOS,Finance
SOTK,Capital_Goods
SP,Miscellaneous
SPE,Finance
SPFI,Finance
SPFR,Finance
SPG,Consumer_Services
SPGI,Technology
SPH,Public_Utilities
SPI,Technology
SPIR,Finance
SPKB,Finance
SPLK,Technology
SPNE,Health_Care
SPNS,Technology
SPNT,Finance
SPOK,Public_Utilities
SPOT,Consumer_Services
SPPI,Health_Care
SPR,Capital_Goods
SPRB,Consumer_Durables
SPRO,Health_Care
SPSC,Technology
SPT,Technology
SPTN,Consumer_Non-Durables
SPWH,Consumer_Services
SPWR,Technology
SPXC,Capital_Goods
SPXX,Finance
SQ,Technology
SQM,Basic_Industries
SQNS,Technology
SQSP,Technology
SQZ,Consumer_Durables
SR,Public_Utilities
SRAX,Technology
SRC,Consumer_Services
SRCE,Finance
SRCL,Public_Utilities
SRDX,Health_Care
SRE,Public_Utilities
SREV,Technology
SRG,Consumer_Services
SRGA,Health_Care
SRI,Capital_Goods
SRL,Consumer_Services
SRLP,Energy
SRNE,Health_Care
SRNG,Finance
SRPT,Health_Care
SRRA,Health_Care
SRRK,Health_Care
SRSA,Finance
SRT,Miscellaneous
SRTS,Health_Care
SRV,Finance
SRZN,Consumer_Durables
SSB,Finance
SSBI,Finance
SSBK,Finance
SSD,Capital_Goods
SSKN,Health_Care
SSL,Energy
SSNC,Technology
SSP,Consumer_Services
SSSS,Finance
SSTI,Technology
SSYS,Technology
ST,Capital_Goods
STAA,Health_Care
STAG,Consumer_Services
STAR__________,Consumer_Services
STBA,Finance
STC,Finance
STE,Health_Care
STEM,Technology
STEP,Finance
STFC,Finance
STG,Miscellaneous
STGW,Technology
STIM,Health_Care
STK,Finance
STKS,Consumer_Services
STL,Finance
STLA,Capital_Goods
STLD,Basic_Industries
STM,Technology
STMP,Technology
STN,Transportation
STNE,Technology
STNG,Transportation
STOK,Health_Care
STOR,Consumer_Services
STRA,Miscellaneous
STRL,Capital_Goods
STRM,Technology
STRO,Health_Care
STRS,Consumer_Services
STRT,Capital_Goods
STSA,Health_Care
STT,Finance
STTK,Health_Care
STWD,Consumer_Services
STWO,Miscellaneous
STX,Technology
STXB,Finance
STZ,Consumer_Non-Durables
SUI,Consumer_Services
SUM,Capital_Goods
SUMO,Technology
SUN,Energy
SUNL,Finance
SUNS,Finance
SUNW,Technology
SUP,Capital_Goods
SUPN,Health_Care
SUPV,Finance
SURF,Health_Care
SUZ,Basic_Industries
SV,Finance
SVBI,Finance
SVC,Consumer_Services
SVFA,Finance
SVFB,Finance
SVFC,Finance
SVRA,Health_Care
SWAV,Health_Care
SWBI,Consumer_Non-Durables
SWBK,Finance
SWCH,Technology
SWI,Technology
SWIM,Capital_Goods
SWIR,Basic_Industries
SWK,Capital_Goods
SWKH,Finance
SWKS,Technology
SWM,Basic_Industries
SWN,Energy
SWTX,Health_Care
SWX,Public_Utilities
SWZ,Finance
SXI,Capital_Goods
SXT,Basic_Industries
SY,Technology
SYBT,Finance
SYBX,Health_Care
SYF,Finance
SYK,Health_Care
SYNA,Technology
SYNH,Health_Care
SYNL,Basic_Industries
SYPR,Capital_Goods
SYRS,Health_Care
SYY,Consumer_Non-Durables
T,Consumer_Services
TA,Consumer_Services
TAC,Public_Utilities
TACA,Finance
TACO,Consumer_Services
TACT,Technology
TAK,Health_Care
TAL,Miscellaneous
TALK,Health_Care
TALO,Energy
TALS,Health_Care
TAP,Consumer_Non-Durables
TARA,Health_Care
TARO,Health_Care
TARS,Consumer_Durables
TASK,Technology
TAST,Consumer_Services
TBBK,Finance
TBI,Technology
TBK,Finance
TBLA,Finance
TBLT,Capital_Goods
TBNK,Finance
TBPH,Health_Care
TBSA,Finance
TCAC,Finance
TCBC,Finance
TCBI,Finance
TCBK,Finance
TCBS,Finance
TCDA,Health_Care
TCFC,Finance
TCI,Finance
TCMD,Health_Care
TCOM,Consumer_Services
TCON,Health_Care
TCPC,Finance
TCRR,Health_Care
TCRX,Health_Care
TCS,Consumer_Services
TCVA,Finance
TCX,Technology
TDC,Technology
TDF,Finance
TDG,Capital_Goods
TDOC,Health_Care
TDS,Public_Utilities
TDUP,Consumer_Non-Durables
TDW,Energy
TDY,Capital_Goods
TEAF,Finance
TEAM,Technology
TECH,Health_Care
TEDU,Miscellaneous
TEF,Public_Utilities
TEI,Finance
TEKK,Finance
TEL,Capital_Goods
TELA,Health_Care
TELL,Energy
TEN,Capital_Goods
TENB,Technology
TEO,Public_Utilities
TER,Capital_Goods
TERN,Health_Care
TEVA,Health_Care
TEX,Capital_Goods
TFC,Finance
TFFP,Consumer_Durables
TFSL,Finance
TFX,Health_Care
TG,Basic_Industries
TGH,Technology
TGI,Capital_Goods
TGLS,Consumer_Durables
TGNA,Consumer_Services
TGP,Transportation
TGS,Public_Utilities
TGT,Consumer_Services
TGTX,Health_Care
TH,Energy
THC,Health_Care
THFF,Finance
THG,Finance
THO,Consumer_Non-Durables
THQ,Finance
THR,Consumer_Durables
THRM,Capital_Goods
THRY,Capital_Goods
THS,Consumer_Non-Durables
THW,Finance
TIGO,Public_Utilities
TIGR,Finance
TIL,Health_Care
TIMB,Public_Utilities
TINV,Finance
TIOA,Finance
TIPT,Finance
TIRX,Finance
TJX,Consumer_Services
TK,Transportation
TKC,Public_Utilities
TKNO,Consumer_Durables
TKR,Capital_Goods
TLC,Health_Care
TLIS,Health_Care
TLK,Public_Utilities
TLMD,Health_Care
TLRY,Health_Care
TLS,Technology
TLSA,Health_Care
TM,Capital_Goods
TMCI,Health_Care
TMDX,Health_Care
TME,Consumer_Services
TMHC,Capital_Goods
TMO,Capital_Goods
TMPM,Finance
TMST,Basic_Industries
TMUS,Public_Utilities
TMX,Miscellaneous
TNC,Capital_Goods
TNDM,Health_Care
TNET,Technology
TNGX,Health_Care
TNK,Transportation
TNL,Transportation
TNP,Transportation
TNXP,Health_Care
TNYA,Consumer_Durables
TOL,Capital_Goods
TOPS,Transportation
TOWN,Finance
TPB,Consumer_Non-Durables
TPC,Capital_Goods
TPGS,Finance
TPGY,Finance
TPH,Capital_Goods
TPIC,Technology
TPL,Energy
TPR,Consumer_Non-Durables
TPST,Health_Care
TPTX,Health_Care
TPVG,Finance
TPX,Consumer_Durables
TPZ,Finance
TR,Consumer_Non-Durables
TRC,Finance
TREB,Finance
TREE,Finance
TRGP,Public_Utilities
TRHC,Health_Care
TRIN,Finance
TRIT,Technology
TRKA,Technology
TRMB,Capital_Goods
TRMD,Consumer_Services
TRMK,Finance
TRN,Capital_Goods
TRNO,Consumer_Services
TRNS,Technology
TRON,Finance
TROW,Finance
TROX,Basic_Industries
TRS,Technology
TRST,Finance
TRTN,Technology
TRTX,Consumer_Services
TRU,Technology
TRUP,Health_Care
TRV,Finance
TRVG,Technology
TRVN,Health_Care
TS,Basic_Industries
TSBK,Finance
TSC,Finance
TSCAP,Finance
TSCO,Consumer_Services
TSE,Basic_Industries
TSEM,Technology
TSHA,Health_Care
TSI,Finance
TSLA,Capital_Goods
TSLX,Finance
TSM,Technology
TSN,Consumer_Non-Durables
TSP,Capital_Goods
TSQ,Technology
TT,Capital_Goods
TTC,Capital_Goods
TTCF,Consumer_Non-Durables
TTD,Technology
TTE,Energy
TTEC,Technology
TTEK,Consumer_Services
TTI,Energy
TTM,Capital_Goods
TTMI,Technology
TTOO,Health_Care
TTP,Finance
TTSH,Consumer_Services
TTWO,Technology
TUEM,Miscellaneous
TUFN,Technology
TUGC,Finance
TUP,Consumer_Non-Durables
TURN,Finance
TUSK,Energy
TUYA,Technology
TV,Consumer_Services
TVTX,Health_Care
TVTY,Health_Care
TW,Finance
TWI,Capital_Goods
TWIN,Capital_Goods
TWKS,Technology
TWLO,Capital_Goods
TWN,Finance
TWNI,Finance
TWNK,Consumer_Non-Durables
TWO,Consumer_Services
TWOA,Consumer_Services
TWOU,Miscellaneous
TWST,Health_Care
TWTR,Technology
TX,Basic_Industries
TXG,Health_Care
TXMD,Health_Care
TXN,Technology
TXRH,Consumer_Services
TXT,Capital_Goods
TY,Finance
TYG,Finance
TYL,Technology
TYME,Health_Care
TYRA,Health_Care
TZOO,Technology
TZPS,Finance
U,Technology
UA,Consumer_Non-Durables
UAA,Consumer_Non-Durables
UAL,Transportation
UAN,Basic_Industries
UBA,Consumer_Services
UBCP,Finance
UBER,Technology
UBFO,Finance
UBOH,Finance
UBP,Consumer_Services
UBS,Finance
UBSI,Finance
UBX,Consumer_Durables
UCBI,Finance
UCL,Consumer_Services
UCTT,Technology
UDR,Consumer_Services
UE,Consumer_Services
UEIC,Consumer_Non-Durables
UEPS,Technology
UFCS,Finance
UFPI,Basic_Industries
UFPT,Capital_Goods
UFS,Basic_Industries
UG,Consumer_Non-Durables
UGI,Public_Utilities
UGP,Energy
UGRO,Capital_Goods
UHAL,Miscellaneous
UHS,Health_Care
UHT,Consumer_Services
UI,Technology
UIHC,Finance
UIS,Technology
UK,Miscellaneous
UL,Consumer_Non-Durables
ULBI,Technology
ULCC,Transportation
ULH,Transportation
UMBF,Finance
UMC,Technology
UMH,Consumer_Services
UMPQ,Finance
UNB,Finance
UNF,Miscellaneous
UNFI,Consumer_Non-Durables
UNH,Health_Care
UNIT,Consumer_Services
UNM,Finance
UNP,Transportation
UNTY,Finance
UNVR,Basic_Industries
UONE,Consumer_Services
UONEK,Consumer_Services
UP,Transportation
UPH,Technology
UPLD,Technology
UPS,Transportation
UPST,Finance
URBN,Consumer_Services
URGN,Health_Care
URI,Technology
USA,Finance
USAC,Energy
USAK,Transportation
USAP,Basic_Industries
USAU,Basic_Industries
USB,Finance
USCB,Finance
USDP,Transportation
USFD,Consumer_Non-Durables
USIO,Technology
USLM,Energy
USM,Public_Utilities
USNA,Consumer_Durables
USPH,Health_Care
USWS,Energy
USX,Transportation
UTF,Finance
UTHR,Health_Care
UTL,Public_Utilities
UTMD,Health_Care
UTME,Energy
UTZ,Consumer_Non-Durables
UVE,Finance
UVSP,Finance
UVV,Consumer_Non-Durables
UWMC,Finance
UXIN,Miscellaneous
V,Miscellaneous
VABK,Finance
VAC,Consumer_Services
VAL,Energy
VALE,Basic_Industries
VALU,Technology
VAPO,Health_Care
VAQC,Finance
VBF,Finance
VBFC,Finance
VBLT,Health_Care
VBTX,Finance
VC,Capital_Goods
VCEL,Health_Care
VCIF,Finance
VCKA,Finance
VCNX,Health_Care
VCRA,Capital_Goods
VCTR,Finance
VCV,Finance
VCYT,Health_Care
VECO,Technology
VECT,Health_Care
VEDL,Capital_Goods
VEEV,Health_Care
VEI,Energy
VEL,Finance
VENA,Finance
VEON,Public_Utilities
VER,Consumer_Services
VERA,Health_Care
VERB,Technology
VERI,Technology
VERO,Health_Care
VERU,Health_Care
VERV,Consumer_Durables
VERX,Technology
VERY,Finance
VEV,Capital_Goods
VFC,Consumer_Non-Durables
VG,Public_Utilities
VGI,Finance
VGM,Finance
VGR,Consumer_Non-Durables
VHC,Miscellaneous
VHI,Basic_Industries
VIA,Public_Utilities
VIAC,Consumer_Services
VIACA,Consumer_Services
VIAO,Technology
VIAV,Technology
VICI,Consumer_Services
VICR,Capital_Goods
VIH,Finance
VINC,Health_Care
VINP,Finance
VIOT,Consumer_Durables
VIPS,Consumer_Services
VIR,Health_Care
VIRC,Consumer_Durables
VIRT,Finance
VIRX,Health_Care
VISL,Capital_Goods
VIST,Energy
VIV,Public_Utilities
VIVO,Health_Care
VKQ,Finance
VKTX,Health_Care
VLAT,Finance
VLDR,Capital_Goods
VLGEA,Consumer_Services
VLO,Energy
VLRS,Transportation
VLT,Finance
VLTA,Consumer_Services
VLY,Finance
VMEO,Technology
VMI,Capital_Goods
VMO,Finance
VMW,Technology
VNDA,Health_Care
VNET,Technology
VNO,Consumer_Services
VNOM,Energy
VNT,Capital_Goods
VNTR,Basic_Industries
VOC,Energy
VOD,Public_Utilities
VOR,Health_Care
VOXX,Consumer_Non-Durables
VOYA,Finance
VPCB,Finance
VPG,Capital_Goods
VPV,Finance
VRA,Consumer_Non-Durables
VRAY,Health_Care
VRCA,Health_Care
VRDN,Health_Care
VREX,Health_Care
VRM,Consumer_Services
VRNA,Health_Care
VRNS,Technology
VRNT,Technology
VRS,Basic_Industries
VRSK,Miscellaneous
VRSN,Technology
VRT,Consumer_Durables
VRTS,Finance
VRTX,Health_Care
VSAT,Technology
VSH,Capital_Goods
VST,Public_Utilities
VSTA,Consumer_Services
VSTM,Health_Care
VSTO,Consumer_Non-Durables
VTA,Finance
VTGN,Health_Care
VTN,Finance
VTNR,Energy
VTOL,Energy
VTR,Consumer_Services
VTRS,Consumer_Durables
VTRU,Consumer_Services
VTSI,Capital_Goods
VTVT,Health_Care
VUZI,Capital_Goods
VVI,Miscellaneous
VVNT,Miscellaneous
VVOS,Health_Care
VVR,Finance
VVV,Basic_Industries
VWE,Consumer_Non-Durables
VWTR,Public_Utilities
VXRT,Health_Care
VYGG,Finance
VYGR,Health_Care
VYNE,Health_Care
VYNT,Health_Care
VZIO,Consumer_Non-Durables
W,Consumer_Services
WAB,Capital_Goods
WABC,Finance
WAFD,Finance
WAL,Finance
WALD,Finance
WASH,Finance
WAT,Health_Care
WATT,Capital_Goods
WB,Technology
WBA,Health_Care
WBK,Finance
WBS,Finance
WBT,Capital_Goods
WCC,Consumer_Non-Durables
WCN,Public_Utilities
WD,Finance
WDAY,Technology
WDC,Technology
WDFC,Basic_Industries
WEA,Finance
WEBR,Consumer_Durables
WEC,Public_Utilities
WEI,Finance
WELL,Consumer_Services
WEN,Consumer_Services
WERN,Transportation
WES,Energy
WETF,Finance
WEX,Technology
WEYS,Consumer_Non-Durables
WF,Finance
WFC,Finance
WFCF,Technology
WFRD,Energy
WGO,Consumer_Non-Durables
WH,Consumer_Services
WHD,Energy
WHF,Finance
WHR,Consumer_Durables
WIA,Finance
WILC,Consumer_Non-Durables
WIMI,Technology
WINA,Miscellaneous
WING,Consumer_Services
WIRE,Basic_Industries
WISH,Capital_Goods
WIT,Technology
WIW,Finance
WIX,Technology
WK,Technology
WKEY,Technology
WKHS,Capital_Goods
WKSP,Capital_Goods
WLDN,Consumer_Services
WLFC,Capital_Goods
WLK,Basic_Industries
WLKP,Basic_Industries
WLL,Energy
WLTW,Finance
WM,Public_Utilities
WMB,Public_Utilities
WMC,Consumer_Services
WMG,Consumer_Services
WMK,Consumer_Services
WMPN,Finance
WMS,Capital_Goods
WMT,Consumer_Services
WNC,Capital_Goods
WNEB,Finance
WNS,Miscellaneous
WNW,Consumer_Services
WOOF,Miscellaneous
WOR,Consumer_Durables
WOW,Consumer_Services
WPC,Consumer_Services
WPRT,Capital_Goods
WRAP,Capital_Goods
WRB,Finance
WRE,Consumer_Services
WRLD,Finance
WSBC,Finance
WSBF,Finance
WSC,Technology
WSFS,Finance
WSM,Consumer_Services
WSO,Capital_Goods
WSR,Consumer_Services
WST,Health_Care
WSTG,Technology
WTBA,Finance
WTER,Consumer_Non-Durables
WTFC,Finance
WTI,Energy
WTM,Finance
WTRG,Public_Utilities
WTRH,Technology
WTS,Capital_Goods
WTTR,Energy
WU,Miscellaneous
WVE,Health_Care
WVVI,Consumer_Non-Durables
WW,Miscellaneous
WWD,Capital_Goods
WWE,Consumer_Services
WWW,Consumer_Non-Durables
WY,Consumer_Services
WYNN,Consumer_Services
X,Basic_Industries
XCUR,Health_Care
XEC,Energy
XEL,Public_Utilities
XELA,Technology
XENT,Health_Care
XERS,Health_Care
XFLT,Finance
XFOR,Health_Care
XGN,Health_Care
XHR,Consumer_Services
XIN,Capital_Goods
XL,Capital_Goods
XLNX,Technology
XLRN,Health_Care
XM,Technology
XMTR,Technology
XNCR,Health_Care
XNET,Technology
XOG,Energy
XOM,Energy
XOMA,Health_Care
XONE,Capital_Goods
XOS,Capital_Goods
XP,Finance
XPEL,Capital_Goods
XPER,Technology
XPEV,Capital_Goods
XPO,Transportation
XPOF,Consumer_Services
XRAY,Health_Care
XRX,Technology
XSPA,Miscellaneous
XYF,Finance
XYL,Capital_Goods
Y,Finance
YAC,Finance
YALA,Technology
YELL,Transportation
YELP,Technology
YETI,Consumer_Services
YEXT,Technology
YI,Health_Care
YJ,Consumer_Services
YMAB,Health_Care
YMTX,Health_Care
YNDX,Technology
YORW,Public_Utilities
YOU,Technology
YPF,Energy
YQ,Consumer_Services
YRD,Finance
YSG,Consumer_Non-Durables
YTPG,Finance
YUM,Consumer_Services
YUMC,Consumer_Services
YY,Technology
Z,Miscellaneous
ZBH,Health_Care
ZBRA,Technology
ZEAL,Health_Care
ZEN,Technology
ZEPP,Technology
ZEST,Consumer_Non-Durables
ZETA,Technology
ZEUS,Basic_Industries
ZEV,Capital_Goods
ZG,Miscellaneous
ZGNX,Health_Care
ZGYH,Finance
ZH,Miscellaneous
ZI,Technology
ZIM,Transportation
ZION,Finance
ZIOP,Health_Care
ZIP,Technology
ZIXI,Technology
ZKIN,Capital_Goods
ZLAB,Health_Care
ZM,Technology
ZNGA,Technology
ZNH,Transportation
ZNTL,Consumer_Durables
ZS,Technology
ZSAN,Health_Care
ZTO,Transportation
ZTR,Finance
ZTS,Health_Care
ZUO,Technology
ZVIA,Consumer_Non-Durables
ZVO,Miscellaneous
ZY,Basic_Industries
ZYNE,Health_Care
ZYXI,Health_Care
